1701	1	-4.2
1701	2	-1.5
1701	3	1.6
1701	6	15.4
1701	7	18.9
1701	8	15.8
1701	12	-0.5
1702	1	2
1702	2	-0.5
1702	3	0.6
1702	4	2.6
1702	5	10.9
1702	6	16
1702	7	16
1702	8	15.8
1702	9	10.1
1702	10	7.5
1702	11	0.2
1702	12	0.6
1703	1	-2.8
1703	2	-0.9
1703	3	0.6
1703	4	7.7
1703	5	14.1
1703	6	16.1
1703	7	15.4
1703	8	16.3
1703	9	11.4
1703	10	6.1
1703	11	2.2
1703	12	2.5
1704	1	-4.9
1704	2	-0.5
1704	3	3.9
1704	4	9.4
1704	5	11.8
1704	6	14.1
1704	7	17.1
1704	12	-0.9
1705	1	-7.1
1705	3	1
1705	6	16
1705	7	18.3
1705	8	17.8
1705	9	8.7
1705	10	7.5
1705	11	0.7
1705	12	1.8
1706	1	-1.45
1706	2	0.2
1706	3	2.95
1706	4	7.5
1706	5	13.1
1706	6	17.2
1706	7	16.95
1706	8	16.1
1706	9	12.6
1706	10	9.6
1706	11	2.9
1706	12	2.05
1707	1	-0.8
1707	2	2.95
1707	3	2.65
1707	4	6.45
1707	5	11.45
1707	6	17
1707	7	17.65
1707	8	15.45
1707	9	13.15
1707	10	6.7
1707	11	4.05
1707	12	1.25
1708	1	2.65
1708	2	1.2
1708	3	4.9
1708	4	7.8
1708	5	11.45
1708	6	14.25
1708	7	13.75
1708	8	17.8
1708	9	14.35
1708	10	5.3
1708	11	2.7
1708	12	-2.1
1709	1	-9.15
1709	2	-3.6
1709	3	0.65
1709	4	9.45
1709	5	10.9
1709	6	16.65
1709	7	15.95
1709	8	15.8
1709	9	12.6
1709	10	8.8
1709	11	5.35
1709	12	1.55
1710	1	-1.3
1710	2	0.05
1710	3	4.35
1710	4	7
1710	5	13.1
1710	6	15
1710	7	15.2
1710	8	16.1
1710	9	14.7
1710	10	10.8
1710	11	7
1710	12	5.5
1711	1	3.2
1711	2	0.6
1711	3	5
1711	4	9.8
1711	5	12.7
1711	6	16.8
1711	7	16
1711	8	15.4
1711	9	14.2
1711	10	10.6
1711	11	6
1711	12	3.4
1712	1	-0.1
1712	2	3.6
1712	3	4.4
1712	4	8.8
1712	5	12.8
1712	6	16.2
1712	7	16.7
1712	8	16
1712	9	14
1712	10	10.9
1712	11	6.7
1712	12	2.7
1713	1	-0.9
1713	2	5.6
1713	3	4.3
1713	4	6.4
1713	5	11.6
1713	6	13.4
1713	7	15
1713	8	16.6
1713	9	14.9
1713	10	10.6
1713	11	5.2
1713	12	2.8
1714	1	1.3
1714	2	4.4
1714	3	5.3
1714	4	9
1714	5	10.8
1714	6	14.4
1714	7	18.5
1714	8	16.1
1714	9	13
1714	10	11
1714	11	6.3
1714	12	2.7
1715	1	0.2
1715	2	4.2
1715	3	6.1
1715	4	10.7
1715	5	12.1
1715	6	14.5
1715	7	15.6
1715	8	14.8
1715	9	14.1
1715	10	11.8
1715	11	7.9
1715	12	-1.2
1716	1	-5.7
1716	2	2.2
1716	3	3.9
1716	4	10.2
1716	5	11.8
1716	6	14.1
1716	7	16.4
1716	8	16.8
1716	9	13.4
1716	10	9.6
1716	11	5.2
1716	12	1.5
1717	1	1.2
1717	2	1.4
1717	3	3.7
1717	4	8.2
1717	5	10.7
1717	6	15.2
1717	7	16
1717	8	16.5
1717	9	14.2
1717	10	10
1717	11	5.2
1717	12	3.8
1718	1	-1.4
1718	2	-0.2
1718	3	4.9
1718	4	9.4
1718	5	13
1718	6	16
1718	7	16.2
1718	8	20.2
1718	9	16
1718	10	10.2
1718	11	6.9
1718	12	3.7
1719	1	0.5
1719	2	3.1
1719	3	3.9
1719	4	6.7
1719	5	14
1719	6	17.7
1719	7	18.6
1719	8	18.3
1719	9	13.2
1719	10	9.4
1719	11	6.7
1719	12	0.8
1720	1	2.3
1720	2	3.5
1720	3	3.4
1720	4	7.9
1720	5	12.8
1720	6	12.5
1720	7	17.2
1720	8	15.7
1720	9	12.4
1720	10	9.4
1720	11	5.4
1720	12	3.9
1721	1	3
1721	2	0.8
1721	3	1.1
1721	4	10
1721	5	10.7
1721	6	15.2
1721	7	17.1
1721	8	17.7
1721	9	15.2
1721	10	9.9
1721	11	7.3
1721	12	2.2
1722	1	0.3
1722	2	4.5
1722	3	5.8
1722	4	9.6
1722	5	12
1722	6	15
1722	7	17.7
1722	8	16.7
1722	9	15.6
1722	10	11.5
1722	11	7.5
1722	12	3.7
1723	1	-0.3
1723	2	3.2
1723	3	6.7
1723	4	9.4
1723	5	12.9
1723	6	15.5
1723	7	15.4
1723	8	17.1
1723	9	14.8
1723	10	12.3
1723	11	8.4
1723	12	5
1724	1	4.2
1724	2	4.2
1724	3	4.1
1724	4	7.8
1724	5	12.3
1724	6	16.6
1724	7	16.9
1724	8	18.1
1724	9	15.1
1724	10	9.7
1724	11	3.9
1724	12	2.1
1725	1	1.7
1725	2	0.9
1725	3	3.7
1725	4	8.2
1725	5	10.2
1725	6	11.2
1725	7	14.7
1725	8	13.5
1725	9	12.6
1725	10	9.3
1725	11	6.6
1725	12	2.3
1726	1	-2.4
1726	2	0.8
1726	3	2.8
1726	4	9
1726	5	14.6
1726	6	16.1
1726	7	17.4
1726	8	15.5
1726	9	15.1
1726	10	10.5
1726	11	4.8
1726	12	0.4
1727	1	2
1727	2	3.2
1727	3	3.6
1727	4	7
1727	5	15.1
1727	6	15.3
1727	7	16.7
1727	8	17.5
1727	9	14.8
1727	10	11.1
1727	11	4.6
1727	12	1.8
1728	1	2.3
1728	2	-0.1
1728	3	6.6
1728	4	8.8
1728	5	14.05
1728	6	16.75
1728	7	17.3
1728	8	15.9
1728	9	13.7
1728	10	9.35
1728	11	4.85
1728	12	0.05
1729	1	-3.3
1729	2	0.15
1729	3	0.35
1729	4	6.3
1729	5	11.2
1729	6	16.3
1729	7	17.4
1729	8	17.3
1729	9	16.4
1729	10	11.3
1729	11	6.6
1729	12	4.8
1730	1	2
1730	2	2.1
1730	3	4.45
1730	4	9.1
1730	5	12.9
1730	6	15.2
1730	7	17.05
1730	8	17
1730	9	14.05
1730	10	6.85
1730	11	7.25
1730	12	2.05
1731	1	-0.75
1731	2	-0.6
1731	3	3.35
1731	4	6.5
1731	5	11.8
1731	6	15.2
1731	7	16.35
1731	8	16.65
1731	9	14.55
1731	10	11.75
1731	11	6.05
1731	12	2.85
1732	1	-0.85
1732	2	3.1
1732	3	5.2
1732	4	9.7
1732	5	12.9
1732	6	14.25
1732	7	16
1732	8	16.15
1732	9	13.95
1732	10	10.25
1732	11	4.55
1732	12	-1.25
1733	1	4
1733	2	4.25
1733	3	5.05
1733	4	10.45
1733	5	11.3
1733	6	13.9
1733	7	18.25
1733	8	16.45
1733	9	12.3
1733	10	8.5
1733	11	5.35
1733	12	5.25
1734	1	1.3
1734	2	4.45
1734	3	6.35
1734	4	9.5
1734	5	12.3
1734	6	14.7
1734	7	17.15
1734	8	16.35
1734	9	14
1734	10	9.25
1734	11	1.9
1734	12	1.2
1735	1	3.05
1735	2	2.45
1735	3	5.85
1735	4	9.65
1735	5	12.25
1735	6	15.55
1735	7	16.15
1735	8	16.55
1735	9	15.2
1735	10	7.55
1735	11	4.05
1735	12	3.05
1736	1	1.35
1736	2	0.8
1736	3	3.25
1736	4	9.25
1736	5	12.25
1736	6	15.05
1736	7	17.35
1736	8	17.7
1736	9	13.9
1736	10	9.35
1736	11	5.65
1736	12	4.25
1737	1	4
1737	2	3.05
1737	3	5.45
1737	4	7.3
1737	5	13.75
1737	6	16
1737	7	16.6
1737	8	14.5
1737	9	14.5
1737	10	8.7
1737	11	4.3
1737	12	2.1
1738	1	0
1738	2	2.5
1738	3	5.05
1738	4	9.65
1738	5	12.8
1738	6	15.25
1738	7	16.5
1738	8	16.05
1738	9	13.55
1738	10	9.95
1738	11	2
1738	12	4.25
1739	1	1.35
1739	2	4.7
1739	3	5.2
1739	4	6.1
1739	5	13.65
1739	6	14.8
1739	7	17.9
1739	8	15.25
1739	9	14.5
1739	10	6.3
1739	11	-0.95
1739	12	2.6
1740	1	-6.5
1740	2	-4.9
1740	3	0.6
1740	4	4.65
1740	5	8.2
1740	6	13.05
1740	7	15.7
1740	8	15.5
1740	9	15.3
1740	10	5.25
1740	11	2.25
1740	12	1.9
1741	1	-0.2
1741	2	3.35
1741	3	2.8
1741	4	6.15
1741	5	10.35
1741	6	13.95
1741	7	17.35
1741	8	16.1
1741	9	13.9
1741	10	10.65
1741	11	7.05
1741	12	2
1742	1	-1.4
1742	2	3.5
1742	3	2.5
1742	4	5.4
1742	5	10.25
1742	6	14.9
1742	7	16.55
1742	8	14.85
1742	9	11.85
1742	10	8.75
1742	11	4.9
1742	12	-2.45
1743	1	1.6
1743	2	3.25
1743	3	3.45
1743	4	4.46666666666667
1743	5	12.7
1743	6	16.6
1743	7	15.7
1743	8	16.95
1743	9	13.75
1743	10	4.86666666666667
1743	11	4.76666666666667
1743	12	-0.266666666666667
1744	1	-3.86666666666667
1744	2	-3.8
1744	3	0.7
1744	4	7.93333333333333
1744	5	10.8333333333333
1744	6	14.5
1744	7	17.1333333333333
1744	8	15.0666666666667
1744	9	13.4666666666667
1744	10	8.03333333333333
1744	11	4.13333333333333
1744	12	-0.366666666666667
1745	1	-3.83333333333333
1745	2	-3.13333333333333
1745	3	0.233333333333334
1745	4	5.93333333333333
1745	5	13.25
1745	6	15.8
1745	7	16.7
1745	8	16
1745	9	14.3
1745	10	9.7
1745	11	5.8
1745	12	-0.65
1746	1	-0.05
1746	2	0.6
1746	3	1.35
1746	4	7.15
1746	5	13.9
1746	6	14.7
1746	7	18.25
1746	8	15.6
1746	9	14.1
1746	10	7.2
1746	11	2.7
1746	12	4
1747	1	0.05
1747	2	5.25
1747	3	1.15
1747	4	8.5
1747	5	12.05
1747	6	17.65
1747	7	16.7
1747	8	16.6
1747	9	15.3
1747	10	9.15
1747	11	5.9
1747	12	3.8
1748	1	-0.5
1748	2	-1
1748	3	-0.15
1748	4	7
1748	5	13.55
1748	6	17.8
1748	7	17.7
1748	8	18.7
1748	9	14.1
1748	10	9.35
1748	11	6.95
1748	12	6.3
1749	1	3.5
1749	2	2.05
1749	3	2.25
1749	4	7.8
1749	5	14.5
1749	6	14.3
1749	7	17.5
1749	8	17.85
1749	9	14.35
1749	10	8.95
1749	11	4.1
1749	12	4.05
1750	1	0.9
1750	2	5.35
1750	3	8.1
1750	4	8.95
1750	5	13.1
1750	6	16.2
1750	7	19.15
1750	8	17.35
1750	9	14.85
1750	10	8.05
1750	11	3.5
1750	12	1.95
1751	1	0.8
1751	2	-0.9
1751	3	6.45
1751	4	7.3
1751	5	14.3
1751	6	17
1751	7	17.95
1751	8	18.25
1751	9	13.75
1751	10	6.76666666666667
1751	11	0.3
1751	12	-1.1
1752	1	-3.95
1752	2	-2.1
1752	3	2
1752	4	5.65
1752	5	10.65
1752	6	15.35
1752	7	18.7
1752	8	17.35
1752	9	12.6
1752	10	7.65
1752	11	3.85
1752	12	0.25
1753	1	-4.63333333333333
1753	2	-1.66666666666667
1753	3	4.03333333333333
1753	4	6.56666666666667
1753	5	12
1753	6	16.5666666666667
1753	7	17.9
1753	8	15.9
1753	9	13.7666666666667
1753	10	9.2
1753	11	2.7
1753	12	-1.86666666666667
1754	1	-2.66666666666667
1754	2	-3.43333333333333
1754	3	-0.2
1754	4	7.03333333333333
1754	5	12.6666666666667
1754	6	16.0333333333333
1754	7	16.9
1754	8	16.6666666666667
1754	9	12.9333333333333
1754	10	9.36666666666667
1754	11	3.66666666666667
1754	12	-0.166666666666667
1755	1	-5.5
1755	2	-5.125
1755	3	0.833333333333333
1755	4	8.63333333333333
1755	5	11.5333333333333
1755	6	17.9666666666667
1755	7	18.4
1755	8	16.3
1755	9	12.6333333333333
1755	10	8.83333333333333
1755	11	3.73333333333333
1755	12	0.525
1756	1	0.64
1756	2	1.74
1756	3	2.48
1756	4	5.68
1756	5	10.22
1756	6	17.74
1756	7	18.68
1756	8	15.52
1756	9	13.78
1756	10	8.22
1756	11	1.52
1756	12	-2.82
1757	1	-4.3
1757	2	-0.0399999999999999
1757	3	2.04
1757	4	8.54
1757	5	11.8
1757	6	17.76
1757	7	21.74
1757	8	17.38
1757	9	12.7
1757	10	4.64
1757	11	4.3
1757	12	-1.98
1758	1	-5.8
1758	2	-2.02
1758	3	1.4
1758	4	5.54
1758	5	12.5
1758	6	16.26
1758	7	16.76
1758	8	17.08
1758	9	11.7
1758	10	6.38
1758	11	2.98
1758	12	-1.16
1759	1	0.4
1759	2	1.14
1759	3	2.84
1759	4	6.8
1759	5	10.44
1759	6	17.04
1759	7	19.44
1759	8	18.18
1759	9	13.1
1759	10	8.44
1759	11	0.8
1759	12	-4.62
1760	1	-6.36
1760	2	-1.64
1760	3	0.12
1760	4	6.52
1760	5	11.76
1760	6	16.52
1760	7	17.74
1760	8	16.52
1760	9	14.28
1760	10	7.36
1760	11	3.2
1760	12	0.46
1761	1	-2.32
1761	2	-0.1
1761	3	4.36
1761	4	6.68
1761	5	12.96
1761	6	17.8
1761	7	18.44
1761	8	18.72
1761	9	14.76
1761	10	5.84
1761	11	3.02
1761	12	-3.88
1762	1	0.46
1762	2	-0.44
1762	3	-0.34
1762	4	8.82
1762	5	12.5
1762	6	17.12
1762	7	18.14
1762	8	15.64
1762	9	12.38
1762	10	4.82
1762	11	3.12
1762	12	-2.74
1763	1	-5.68
1763	2	-0.3
1763	3	-0.44
1763	4	5.8
1763	5	11.24
1763	6	16.02
1763	7	19.06
1763	8	17.84
1763	9	11.94
1763	10	6.44
1763	11	3.4
1763	12	2.45
1764	1	3.12
1764	2	4.1
1764	3	3.32
1764	4	7.01666666666667
1764	5	12.8333333333333
1764	6	15.75
1764	7	19.9666666666667
1764	8	16.6666666666667
1764	9	12.5333333333333
1764	10	7.55
1764	11	2.65
1764	12	-0.366666666666667
1765	1	0.366666666666667
1765	2	-2.45
1765	3	4.45
1765	4	8.13333333333333
1765	5	11.4666666666667
1765	6	16.5833333333333
1765	7	17.55
1765	8	18.3333333333333
1765	9	13.3333333333333
1765	10	9.3
1765	11	3.91666666666667
1765	12	-0.733333333333333
1766	1	-4.28333333333333
1766	2	-1.43333333333333
1766	3	3.6
1766	4	9.28333333333333
1766	5	13.1166666666667
1766	6	17.0333333333333
1766	7	18.7
1766	8	17.9666666666667
1766	9	14.75
1766	10	9.16666666666667
1766	11	4.98333333333333
1766	12	-1.03333333333333
1767	1	-6.93333333333333
1767	2	1.5
1767	3	3.37142857142857
1767	4	5.62857142857143
1767	5	11.3142857142857
1767	6	15.8285714285714
1767	7	18.1285714285714
1767	8	18.7285714285714
1767	9	15.0428571428571
1767	10	9.5
1767	11	6.55714285714286
1767	12	-1.97142857142857
1768	1	-4.5125
1768	2	-0.9875
1768	3	0.8375
1768	4	7.2
1768	5	11.8875
1768	6	16.2125
1768	7	18.8875
1768	8	17.625
1768	9	12.8375
1768	10	8.4125
1768	11	4.125
1768	12	1.6
1769	1	0.45
1769	2	-0.1
1769	3	2.8375
1769	4	7.7625
1769	5	12.125
1769	6	16.1
1769	7	18.6125
1769	8	17.0125
1769	9	14.175
1769	10	5.6375
1769	11	3.6625
1769	12	0.2625
1770	1	-1.55
1770	2	-0.125
1770	3	-1.3125
1770	4	6.175
1770	5	12.3125
1770	6	15.375
1770	7	17.475
1770	8	18.1375
1770	9	15.4
1770	10	9.9625
1770	11	3.9
1770	12	2.15
1771	1	-2.4125
1771	2	-3.2125
1771	3	-1.2125
1771	4	3.875
1771	5	13.6125
1771	6	16.9
1771	7	18.325
1771	8	16.2125
1771	9	13.7375
1771	10	9.2
1771	11	2.225
1771	12	1.575
1772	1	-1.95
1772	2	-1.6625
1772	3	1.7
1772	4	6.3625
1772	5	10.1375
1772	6	17
1772	7	18.4875
1772	8	17.7
1772	9	14.65
1772	10	10.9125
1772	11	6.525
1772	12	1.55
1773	1	-0.2375
1773	2	-1.2
1773	3	2.5375
1773	4	7.825
1773	5	13.5
1773	6	16.2625
1773	7	18.35
1773	8	18.25
1773	9	14.7875
1773	10	10.45
1773	11	4.125
1773	12	2.0875
1774	1	-3.225
1774	2	0.6375
1774	3	3.875
1774	4	8.3125
1774	5	13.2
1774	6	17.5
1774	7	18.7125
1774	8	17.6875
1774	9	13.0375
1774	10	8.525
1774	11	-1.3875
1774	12	-1.75
1775	1	-1.6
1775	2	2.16666666666667
1775	3	4.25555555555556
1775	4	6.91111111111111
1775	5	11.8
1775	6	18.6444444444444
1775	7	19.6888888888889
1775	8	19.4111111111111
1775	9	16.4333333333333
1775	10	10.3333333333333
1775	11	2.47777777777778
1775	12	0.288888888888889
1776	1	-7.6
1776	2	1.7
1776	3	4.07777777777778
1776	4	7.58888888888889
1776	5	11.0777777777778
1776	6	17.4666666666667
1776	7	19.8555555555556
1776	8	18.3222222222222
1776	9	13.3444444444444
1776	10	8.62222222222222
1776	11	3.48888888888889
1776	12	-0.133333333333333
1777	1	-2.8875
1777	2	-2.88888888888889
1777	3	3.3
1777	4	5.43333333333333
1777	5	13.0666666666667
1777	6	16.1777777777778
1777	7	17.4444444444444
1777	8	17.8555555555556
1777	9	13.0555555555556
1777	10	7.91111111111111
1777	11	4.32222222222222
1777	12	-0.988888888888889
1778	1	-2.53333333333333
1778	2	-1.92222222222222
1778	3	2.47777777777778
1778	4	9.16666666666667
1778	5	13.6777777777778
1778	6	16.6666666666667
1778	7	20.1333333333333
1778	8	18.4444444444444
1778	9	12.7555555555556
1778	10	6.58888888888889
1778	11	3.6
1778	12	2.08888888888889
1779	1	-4.68
1779	2	2.51
1779	3	4.79
1779	4	9.83
1779	5	14.61
1779	6	15.71
1779	7	18.31
1779	8	19.19
1779	9	15.31
1779	10	10.44
1779	11	3.39090909090909
1779	12	0.518181818181818
1780	1	-6.2
1780	2	-4.03636363636364
1780	3	4.69090909090909
1780	4	5.61818181818182
1780	5	13.3363636363636
1780	6	16.1636363636364
1780	7	18.9727272727273
1780	8	18.0909090909091
1780	9	12.9181818181818
1780	10	8.98181818181818
1780	11	2.1
1780	12	-3.22727272727273
1781	1	-3.475
1781	2	-1.84166666666667
1781	3	2.45
1781	4	8.09166666666667
1781	5	12.8833333333333
1781	6	17.1
1781	7	18.7666666666667
1781	8	19.8416666666667
1781	9	15.2083333333333
1781	10	7.025
1781	11	4.15
1781	12	-2.1
1782	1	-0.838461538461538
1782	2	-5.60769230769231
1782	3	0.63076923076923
1782	4	5.4
1782	5	11.4615384615385
1782	6	16.7076923076923
1782	7	18.4461538461538
1782	8	16.8846153846154
1782	9	13.3153846153846
1782	10	6.87692307692308
1782	11	0.369230769230769
1782	12	-2.96923076923077
1783	1	-3.10769230769231
1783	2	0.746153846153846
1783	3	0.530769230769231
1783	4	7.56923076923077
1783	5	13.8769230769231
1783	6	17.7384615384615
1783	7	19.6384615384615
1783	8	18.3153846153846
1783	9	14.5333333333333
1783	10	9.325
1783	11	2.49166666666667
1783	12	-2.825
1784	1	-5.63333333333333
1784	2	-3.575
1784	3	-0.666666666666667
1784	4	5.15833333333333
1784	5	12.9916666666667
1784	6	16.0916666666667
1784	7	17.9166666666667
1784	8	17.2666666666667
1784	9	14.1666666666667
1784	10	5.725
1784	11	3.75833333333333
1784	12	-2.125
1785	1	-2.31666666666667
1785	2	-3.94166666666667
1785	3	-4.31666666666667
1785	4	4.05833333333333
1785	5	10.6923076923077
1785	6	15.1692307692308
1785	7	16.9538461538462
1785	8	16.1461538461538
1785	9	13.7692307692308
1785	10	6.93076923076923
1785	11	3.2
1785	12	-2.81538461538462
1786	1	-2.79230769230769
1786	2	-2.91538461538462
1786	3	-1.17692307692308
1786	4	7.86923076923077
1786	5	10.8846153846154
1786	6	16.4538461538462
1786	7	16.6384615384615
1786	8	16.3923076923077
1786	9	12.5076923076923
1786	10	5.71538461538462
1786	11	-1.65384615384615
1786	12	-1.78461538461538
1787	1	-2.9
1787	2	0.175
1787	3	3.30833333333333
1787	4	5.825
1787	5	11.5333333333333
1787	6	16.975
1787	7	17.35
1787	8	17.1166666666667
1787	9	12.975
1787	10	9.85833333333333
1787	11	2.79166666666667
1787	12	0.708333333333333
1788	1	-2.03846153846154
1788	2	-2.02307692307692
1788	3	0.330769230769231
1788	4	6.78461538461538
1788	5	12.5230769230769
1788	6	17.3307692307692
1788	7	20.1461538461538
1788	8	16.4307692307692
1788	9	14.6692307692308
1788	10	6.94615384615385
1788	11	1
1788	12	-11.2769230769231
1789	1	-5.375
1789	2	-1.08333333333333
1789	3	-3.525
1789	4	6.675
1789	5	14.675
1789	6	15.825
1789	7	19.1333333333333
1789	8	17.9333333333333
1789	9	13.9916666666667
1789	10	8.55
1789	11	2.89166666666667
1789	12	1.175
1790	1	-0.518181818181818
1790	2	1.71818181818182
1790	3	3.40909090909091
1790	4	4.64545454545455
1790	5	13.1818181818182
1790	6	16.3636363636364
1790	7	16.2272727272727
1790	8	16.8363636363636
1790	9	12.5272727272727
1790	10	7.96363636363636
1790	11	2.45454545454545
1790	12	1.32727272727273
1791	1	0.725
1791	2	0.241666666666667
1791	3	2.625
1791	4	9.275
1791	5	11.2083333333333
1791	6	15.975
1791	7	17.9333333333333
1791	8	18.2
1791	9	12.625
1791	10	7.53333333333333
1791	11	1.91666666666667
1791	12	0.183333333333333
1792	1	-3.71666666666667
1792	2	-3.11666666666667
1792	3	1.54166666666667
1792	4	7.90833333333333
1792	5	11.5583333333333
1792	6	16.375
1792	7	19.15
1792	8	17.2916666666667
1792	9	13.2416666666667
1792	10	6.9
1792	11	2.15
1792	12	-0.433333333333333
1793	1	-3.78181818181818
1793	2	1.47272727272727
1793	3	2.42727272727273
1793	4	6.00909090909091
1793	5	11.6090909090909
1793	6	15.2090909090909
1793	7	19.6727272727273
1793	8	17.8909090909091
1793	9	12.3818181818182
1793	10	9.73636363636364
1793	11	3.84545454545455
1793	12	-0.254545454545455
1794	1	-0.818181818181818
1794	2	1.85454545454545
1794	3	5.2
1794	4	10.2090909090909
1794	5	13.5818181818182
1794	6	17.2636363636364
1794	7	20.3636363636364
1794	8	16.4363636363636
1794	9	11.8909090909091
1794	10	8.46363636363636
1794	11	3.79090909090909
1794	12	-2.80909090909091
1795	1	-8.1
1795	2	-2.375
1795	3	0.958333333333333
1795	4	9.15833333333333
1795	5	11.675
1795	6	16.8416666666667
1795	7	16.3333333333333
1795	8	17.2416666666667
1795	9	14.3916666666667
1795	10	10.475
1795	11	2.25833333333333
1795	12	0.8
1796	1	3.125
1796	2	-0.525
1796	3	-0.941666666666667
1796	4	6.25833333333333
1796	5	12.1166666666667
1796	6	16.3833333333333
1796	7	18.0333333333333
1796	8	18.0083333333333
1796	9	14.4333333333333
1796	10	7.95
1796	11	2.05
1796	12	-3.63333333333333
1797	1	-1.11666666666667
1797	2	1.53333333333333
1797	3	1.50833333333333
1797	4	7.95
1797	5	13.9
1797	6	16.2166666666667
1797	7	19.3416666666667
1797	8	18.1916666666667
1797	9	14.6166666666667
1797	10	8.64166666666667
1797	11	3.11666666666667
1797	12	1.025
1798	1	-1.51538461538462
1798	2	0.176923076923077
1798	3	2.37692307692308
1798	4	8.34615384615385
1798	5	14.0615384615385
1798	6	17.1153846153846
1798	7	18.9769230769231
1798	8	18.7538461538462
1798	9	14.5846153846154
1798	10	8.3923076923077
1798	11	2.3
1798	12	-4.73076923076923
1799	1	-5.43846153846154
1799	2	-6.03076923076923
1799	3	-0.776923076923077
1799	4	5.36153846153846
1799	5	10.5923076923077
1799	6	15.0153846153846
1799	7	17.1769230769231
1799	8	17.0076923076923
1799	9	13.1538461538462
1799	10	8.08461538461538
1799	11	4.16923076923077
1799	12	-5.32307692307692
1800	1	-3.06153846153846
1800	2	-3.02307692307692
1800	3	-2.14615384615385
1800	4	10.5692307692308
1800	5	13.6769230769231
1800	6	14.0153846153846
1800	7	16.5846153846154
1800	8	17.8153846153846
1800	9	13.0923076923077
1800	10	8.12307692307692
1800	11	4.63076923076923
1800	12	0.161538461538462
1801	1	-0.192307692307692
1801	2	-0.769230769230769
1801	3	4.88461538461539
1801	4	8.07692307692308
1801	5	15.3461538461538
1801	6	15.0846153846154
1801	7	18.2076923076923
1801	8	16.7307692307692
1801	9	14.6923076923077
1801	10	9.66153846153846
1801	11	4.86153846153846
1801	12	0.623076923076923
1802	1	-4.3
1802	2	-0.0538461538461538
1802	3	4.14615384615385
1802	4	8.53846153846154
1802	5	11.6692307692308
1802	6	15.9692307692308
1802	7	17
1802	8	19.5769230769231
1802	9	13.8230769230769
1802	10	10.9461538461538
1802	11	3.13846153846154
1802	12	0.615384615384615
1803	1	-7.53846153846154
1803	2	-3.93076923076923
1803	3	1.93846153846154
1803	4	10.1769230769231
1803	5	11.8846153846154
1803	6	15.2461538461538
1803	7	19.2615384615385
1803	8	18.9384615384615
1803	9	12.1923076923077
1803	10	7.80769230769231
1803	11	3.46923076923077
1803	12	-1.21538461538462
1804	1	1.65384615384615
1804	2	-2.32307692307692
1804	3	0.0230769230769230
1804	4	7.12307692307692
1804	5	14
1804	6	16.5076923076923
1804	7	18.2615384615385
1804	8	17.4846153846154
1804	9	15.2153846153846
1804	10	9.21538461538461
1804	11	1.71538461538462
1804	12	-4.07692307692308
1805	1	-4.34285714285714
1805	2	-2.69285714285714
1805	3	1.55
1805	4	5.45
1805	5	11.1
1805	6	14.4071428571429
1805	7	17.3785714285714
1805	8	16.75
1805	9	14.4214285714286
1805	10	4.75714285714286
1805	11	0.142857142857143
1805	12	-0.357142857142857
1806	1	1.35333333333333
1806	2	-0.00625000000000006
1806	3	1.88125
1806	4	5.06875
1806	5	13.98125
1806	6	14.8625
1806	7	16.9125
1806	8	17.75
1806	9	15.1375
1806	10	8.2
1806	11	4.39375
1806	12	3.34375
1807	1	-2.28125
1807	2	1.0125
1807	3	-0.23125
1807	4	5.475
1807	5	12.6
1807	6	15.5625
1807	7	19.4375
1807	8	21.025
1807	9	12.4125
1807	10	9.0125
1807	11	4.15
1807	12	2.94902990916057e-17
1808	1	-1.50625
1808	2	-2.54375
1808	3	-2.40625
1808	4	4.3625
1808	5	13.75
1808	6	15.98125
1808	7	19.56875
1808	8	18.975
1808	9	14.41875
1808	10	7.75625
1808	11	2.6875
1808	12	-4.96875
1809	1	-5.4
1809	2	-0.0125
1809	3	-0.00624999999999998
1809	4	3.6
1809	5	13.15625
1809	6	15.7125
1809	7	17.86875
1809	8	17.96875
1809	9	13.9625
1809	10	7.05
1809	11	1.2875
1809	12	1.5
1810	1	-3.225
1810	2	-2.55
1810	3	1.84375
1810	4	5.10625
1810	5	10.8625
1810	6	14.29375
1810	7	17.54375
1810	8	17.175
1810	9	15.05
1810	10	7.9
1810	11	2.96875
1810	12	0.8875
1811	1	-4.64117647058823
1811	2	-1.09411764705882
1811	3	4.30588235294118
1811	4	7.14705882352941
1811	5	15.2470588235294
1811	6	19.0235294117647
1811	7	19.9470588235294
1811	8	17.8235294117647
1811	9	13.4176470588235
1811	10	9.91176470588235
1811	11	4.18235294117647
1811	12	0.529411764705882
1812	1	-4.60555555555556
1812	2	-1.38421052631579
1812	3	0.310526315789474
1812	4	3.92105263157895
1812	5	11.9578947368421
1812	6	16.0631578947368
1812	7	17.6105263157895
1812	8	18.0684210526316
1812	9	12.0157894736842
1812	10	9.36315789473684
1812	11	0.610526315789474
1812	12	-6.83157894736842
1813	1	-6.29047619047619
1813	2	0.405
1813	3	1.48
1813	4	8.26
1813	5	12.9631578947368
1813	6	15.275
1813	7	17.4842105263158
1813	8	16.71
1813	9	13.355
1813	10	6.99047619047619
1813	11	2.98095238095238
1813	12	-2.02380952380952
1814	1	-6.91904761904762
1814	2	-6.21904761904762
1814	3	-0.428571428571429
1814	4	7.65238095238095
1814	5	10.0142857142857
1814	6	15.2714285714286
1814	7	18.83
1814	8	17.04
1814	9	12.05
1814	10	6.81052631578947
1814	11	3.225
1814	12	0.42
1815	1	-5.5421052631579
1815	2	-0.389473684210526
1815	3	3.2
1815	4	7.30526315789474
1815	5	12.7631578947368
1815	6	15.7
1815	7	16.7368421052632
1815	8	16.8789473684211
1815	9	12.9
1815	10	8.59473684210526
1815	11	1.705
1815	12	-3.595
1816	1	-1.83157894736842
1816	2	-4.31578947368421
1816	3	1.03157894736842
1816	4	6.73
1816	5	10.82
1816	6	15.205
1816	7	16.735
1816	8	15.805
1816	9	12.805
1816	10	7.495
1816	11	1.66
1816	12	-1.985
1817	1	-0.04
1817	2	1
1817	3	1.375
1817	4	4.105
1817	5	12.31
1817	6	16.73
1817	7	17.61
1817	8	17.3428571428571
1817	9	13.4476190476190
1817	10	4.59523809523809
1817	11	2.46666666666667
1817	12	-5.06666666666667
1818	1	-2.21818181818182
1818	2	-2.73181818181818
1818	3	2.22857142857143
1818	4	6.94090909090909
1818	5	11.2272727272727
1818	6	16.6409090909091
1818	7	18.3909090909091
1818	8	16.1363636363636
1818	9	12.6090909090909
1818	10	7.30454545454545
1818	11	2.22727272727273
1818	12	-2.74545454545455
1819	1	-1.57272727272727
1819	2	-2.15454545454545
1819	3	1.33181818181818
1819	4	6.63636363636364
1819	5	11.8523809523810
1819	6	16.8772727272727
1819	7	18.2454545454545
1819	8	17.6772727272727
1819	9	14.1909090909091
1819	10	7.49545454545455
1819	11	0.4
1819	12	-4.98636363636364
1820	1	-7.66818181818182
1820	2	-3.3
1820	3	0.131818181818182
1820	4	8.05
1820	5	12.7909090909091
1820	6	14.6727272727273
1820	7	17.1545454545455
1820	8	17.6304347826087
1820	9	11.95
1820	10	6.9
1820	11	-0.208333333333333
1820	12	-5.08333333333333
1821	1	-3.26666666666667
1821	2	-4.11666666666667
1821	3	0.2625
1821	4	8.0625
1821	5	11.8583333333333
1821	6	13.7166666666667
1821	7	16.4333333333333
1821	8	16.56
1821	9	13.06
1821	10	7.832
1821	11	3.464
1821	12	0.348
1822	1	-2.53461538461538
1822	2	0.107692307692308
1822	3	4.76153846153846
1822	4	8.28461538461539
1822	5	13.2923076923077
1822	6	17.4384615384615
1822	7	18.7615384615385
1822	8	16.9692307692308
1822	9	13.1461538461538
1822	10	9.13846153846154
1822	11	3.5
1822	12	-3.58846153846154
1823	1	-7.17142857142857
1823	2	-2.73571428571429
1823	3	2.125
1823	4	6.08928571428571
1823	5	12.7518518518519
1823	6	16.2185185185185
1823	7	17.8571428571429
1823	8	17.8703703703704
1823	9	13.4928571428571
1823	10	7.86428571428571
1823	11	1.48571428571429
1823	12	-0.457142857142857
1824	1	-2.37333333333333
1824	2	-0.79
1824	3	1.93333333333333
1824	4	6.49
1824	5	11.58
1824	6	15.5866666666667
1824	7	17.9433333333333
1824	8	17.24
1824	9	14.7766666666667
1824	10	8.03666666666667
1824	11	3.82666666666667
1824	12	1.38666666666667
1825	1	-1.271875
1825	2	-1.853125
1825	3	0.721875
1825	4	7.49090909090909
1825	5	12.4787878787879
1825	6	16.8454545454545
1825	7	18.3181818181818
1825	8	17.6787878787879
1825	9	14.0515151515152
1825	10	8.94848484848485
1825	11	5.06060606060606
1825	12	0.86060606060606
1826	1	-5.65151515151515
1826	2	-1.39090909090909
1826	3	2.87575757575758
1826	4	7.2969696969697
1826	5	12.7848484848485
1826	6	17.2848484848485
1826	7	20.36875
1826	8	19.2516129032258
1826	9	14.6
1826	10	9.209375
1826	11	3.0875
1826	12	0.73125
1827	1	-3.309375
1827	2	-3.9
1827	3	3.09090909090909
1827	4	9.09705882352941
1827	5	13.8205882352941
1827	6	17.75
1827	7	19.7529411764706
1827	8	17.7352941176471
1827	9	14.2764705882353
1827	10	9.37058823529412
1827	11	1.80857142857143
1827	12	0.182352941176471
1828	1	-3.72571428571429
1828	2	-2.67142857142857
1828	3	2.25833333333333
1828	4	7.83611111111111
1828	5	13.2416666666667
1828	6	17.8694444444444
1828	7	19.425
1828	8	17.6527777777778
1828	9	13.6388888888889
1828	10	8.39444444444444
1828	11	3.26111111111111
1828	12	-1.11944444444444
1829	1	-5.92307692307692
1829	2	-4.41282051282051
1829	3	0.333333333333333
1829	4	6.77179487179487
1829	5	12.3974358974359
1829	6	16.1
1829	7	19.0025641025641
1829	8	17.0923076923077
1829	9	13.8512820512821
1829	10	7.33589743589744
1829	11	0.617948717948718
1829	12	-5.75128205128205
1830	1	-6.77105263157895
1830	2	-4.15263157894737
1830	3	1.88684210526316
1830	4	7.93157894736842
1830	5	12.4631578947368
1830	6	16.6473684210526
1830	7	18.6657894736842
1830	8	17.9342105263158
1830	9	12.7131578947368
1830	10	7.86052631578947
1830	11	4.30263157894737
1830	12	-0.213157894736842
1831	1	-5.48205128205128
1831	2	-1.52051282051282
1831	3	1.72368421052632
1831	4	8.7578947368421
1831	5	12.4410256410256
1831	6	16.3230769230769
1831	7	18.6717948717949
1831	8	17.2564102564103
1831	9	12.5461538461538
1831	10	9.54358974358974
1831	11	2.45526315789474
1831	12	-1.66578947368421
1832	1	-3.35135135135135
1832	2	-1.68157894736842
1832	3	0.786842105263158
1832	4	6.47368421052632
1832	5	11.4342105263158
1832	6	15.5131578947368
1832	7	16.9081081081081
1832	8	17.1
1832	9	12.1138888888889
1832	10	7.93055555555556
1832	11	0.497297297297297
1832	12	-3.33783783783784
1833	1	-5.55
1833	2	-0.95
1833	3	-0.170731707317073
1833	4	5.54878048780488
1833	5	13.3414634146341
1833	6	17.2268292682927
1833	7	17.4439024390244
1833	8	14.9375
1833	9	12.4
1833	10	7.255
1833	11	2.64878048780488
1833	12	-0.736585365853659
1834	1	-3.26829268292683
1834	2	-2.87560975609756
1834	3	1.5
1834	4	5.55609756097561
1834	5	13.6575
1834	6	16.8975
1834	7	19.8325
1834	8	19.0275
1834	9	14.3
1834	10	7.9
1834	11	2.22682926829268
1834	12	-1.77560975609756
1835	1	-2.52307692307692
1835	2	-0.717948717948718
1835	3	1.31025641025641
1835	4	5.69230769230769
1835	5	11.4179487179487
1835	6	16.1871794871795
1835	7	18.21
1835	8	16
1835	9	12.7205128205128
1835	10	7.08717948717949
1835	11	-0.65
1835	12	-5.7
1836	1	-4.17073170731707
1836	2	-2.33414634146341
1836	3	4.42682926829268
1836	4	7.19268292682927
1836	5	10.1585365853659
1836	6	15.8609756097561
1836	7	17.2195121951220
1836	8	16.0804878048781
1836	9	12.4560975609756
1836	10	8.88095238095238
1836	11	1.15
1836	12	-0.826190476190476
1837	1	-3.87380952380952
1837	2	-2.52093023255814
1837	3	-0.690697674418605
1837	4	5.51860465116279
1837	5	11.1166666666667
1837	6	15.85
1837	7	16.8930232558140
1837	8	18.4232558139535
1837	9	12.9046511627907
1837	10	7.85227272727273
1837	11	2.75
1837	12	-2.69318181818182
1838	1	-8.30227272727273
1838	2	-4.84090909090909
1838	3	1.21363636363636
1838	4	5.87954545454545
1838	5	12.5477272727273
1838	6	15.9113636363636
1838	7	18.1465116279070
1838	8	16.65
1838	9	14.4409090909091
1838	10	7.55909090909091
1838	11	2.43636363636364
1838	12	-1.35681818181818
1839	1	-3.13409090909091
1839	2	-2.15
1839	3	-0.981818181818182
1839	4	4.58863636363636
1839	5	13.0288888888889
1839	6	17.3266666666667
1839	7	19.4755555555556
1839	8	17.7066666666667
1839	9	14.4644444444444
1839	10	8.70217391304348
1839	11	2.66739130434783
1839	12	-4.03958333333333
1840	1	-3.78958333333333
1840	2	-3.31666666666667
1840	3	-0.991666666666667
1840	4	6.87083333333333
1840	5	11.8645833333333
1840	6	16.5354166666667
1840	7	18.3489361702128
1840	8	17.5666666666667
1840	9	13.7229166666667
1840	10	6.91458333333333
1840	11	2.77083333333333
1840	12	-5.98333333333333
1841	1	-4.116
1841	2	-4.56
1841	3	2.33673469387755
1841	4	8.10625
1841	5	14.8204081632653
1841	6	17.2980392156863
1841	7	18.584
1841	8	18.3
1841	9	14.862
1841	10	9.384
1841	11	2.81764705882353
1841	12	-0.213725490196078
1842	1	-5.67173913043478
1842	2	-2.20851063829787
1842	3	2.02765957446808
1842	4	5.98510638297872
1842	5	13.1042553191489
1842	6	16.8319148936170
1842	7	18.5553191489362
1842	8	19.1468085106383
1842	9	13.6791666666667
1842	10	6.42340425531915
1842	11	0.916666666666667
1842	12	-0.4125
1843	1	-1.61702127659574
1843	2	0.0808510638297872
1843	3	0.723404255319149
1843	4	6.43829787234043
1843	5	11.1173913043478
1843	6	16.1478260869565
1843	7	18.2369565217391
1843	8	18.2673913043478
1843	9	13.9173913043478
1843	10	8.20217391304348
1843	11	2.31739130434783
1843	12	-0.0382978723404256
1844	1	-3.88541666666667
1844	2	-4.13541666666667
1844	3	0.164583333333333
1844	4	6.89583333333333
1844	5	13.1583333333333
1844	6	16.7653061224490
1844	7	17.9571428571429
1844	8	17.146
1844	9	14.44375
1844	10	8.4875
1844	11	1.91875
1844	12	-4.66875
1845	1	-1.39166666666667
1845	2	-5.74489795918367
1845	3	-1.63877551020408
1845	4	7.34489795918367
1845	5	11.436
1845	6	17.5450980392157
1845	7	19.486
1845	8	17.504
1845	9	13.8591836734694
1845	10	8.6625
1845	11	4.49375
1845	12	-0.408333333333333
1846	1	-1.8875
1846	2	-0.516666666666667
1846	3	3.8375
1846	4	7.78541666666667
1846	5	12.3291666666667
1846	6	17.48125
1846	7	20.1020833333333
1846	8	19.90625
1846	9	15.0458333333333
1846	10	9.91041666666667
1846	11	2.48125
1846	12	-2.47916666666667
1847	1	-3.45098039215686
1847	2	-1.7921568627451
1847	3	1.03725490196078
1847	4	6.57254901960784
1847	5	13.8156862745098
1847	6	16.4057692307692
1847	7	19.5326923076923
1847	8	19.5153846153846
1847	9	14.4403846153846
1847	10	8.59038461538461
1847	11	4.09807692307692
1847	12	-1.83269230769231
1848	1	-7.29245283018868
1848	2	0.15
1848	3	3.24444444444444
1848	4	9.47222222222222
1848	5	13.5036363636364
1848	6	17.8818181818182
1848	7	19.3090909090909
1848	8	17.9781818181818
1848	9	13.9654545454545
1848	10	9.57454545454545
1848	11	2.91090909090909
1848	12	-0.52962962962963
1849	1	-3.22075471698113
1849	2	0.113207547169811
1849	3	1.87358490566038
1849	4	6.47735849056604
1849	5	13
1849	6	17.1547169811321
1849	7	18.9830188679245
1849	8	17.7415094339623
1849	9	13.8622641509434
1849	10	9.11132075471698
1849	11	3.49811320754717
1849	12	-2.5811320754717
1850	1	-6.45090909090909
1850	2	-0.0203703703703704
1850	3	0.448148148148148
1850	4	7.07407407407407
1850	5	12.5277777777778
1850	6	17.6851851851852
1850	7	19.2218181818182
1850	8	18.7072727272727
1850	9	13.3678571428571
1850	10	7.48
1850	11	3.66545454545455
1850	12	0.109259259259259
1851	1	-0.0698630136986301
1851	2	-0.221917808219178
1851	3	2.67397260273973
1851	4	8.55833333333333
1851	5	12.0736111111111
1851	6	17.1305555555556
1851	7	18.4347222222222
1851	8	18.4791666666667
1851	9	14.1873239436620
1851	10	10.6577464788732
1851	11	3.48611111111111
1851	12	0.565277777777778
1852	1	0.45945945945946
1852	2	0.108219178082192
1852	3	2.47162162162162
1852	4	6.604
1852	5	13.496
1852	6	17.1662162162162
1852	7	19.9364864864865
1852	8	18.4891891891892
1852	9	14.8364864864865
1852	10	9.07083333333333
1852	11	5.74931506849315
1852	12	3.64931506849315
1853	1	1.20138888888889
1853	2	-0.970833333333333
1853	3	1.4375
1853	4	7.08169014084507
1853	5	13.1228571428571
1853	6	17.0253521126761
1853	7	19.6295774647887
1853	8	18.6169014084507
1853	9	14.4647887323944
1853	10	10.4295774647887
1853	11	4.22638888888889
1853	12	-1.55205479452055
1854	1	-1.12702702702703
1854	2	-0.653424657534247
1854	3	3.81351351351351
1854	4	8.41891891891892
1854	5	13.9739726027397
1854	6	16.5260273972603
1854	7	19.8123287671233
1854	8	18.413698630137
1854	9	15.0054794520548
1854	10	10.4283783783784
1854	11	3.24189189189189
1854	12	1.60273972602740
1855	1	-2.35138888888889
1855	2	-2.57297297297297
1855	3	2.78783783783784
1855	4	8.2
1855	5	12.6689189189189
1855	6	17.1270270270270
1855	7	19.4189189189189
1855	8	18.9418918918919
1855	9	14.6337837837838
1855	10	11.3054794520548
1855	11	3.67432432432432
1855	12	-2.436
1856	1	0.75679012345679
1856	2	0.928395061728395
1856	3	2.46543209876543
1856	4	8.97654320987654
1856	5	12.71125
1856	6	17.6308641975309
1856	7	18.6086419753086
1856	8	18.8172839506173
1856	9	14.1875
1856	10	10.23
1856	11	2.69012345679012
1856	12	1.70740740740741
1857	1	-0.881481481481482
1857	2	0.335802469135803
1857	3	3.72222222222222
1857	4	7.8719512195122
1857	5	12.9512195121951
1857	6	17.1951219512195
1857	7	19.4160493827161
1857	8	19.3259259259259
1857	9	15.3086419753086
1857	10	11.0926829268293
1857	11	4.74878048780488
1857	12	2.58148148148148
1858	1	-1.18
1858	2	-1.14823529411765
1858	3	3.17411764705882
1858	4	9.11294117647059
1858	5	13.1447058823529
1858	6	18.8741176470588
1858	7	19.2879518072289
1858	8	18.4638554216867
1858	9	15.9385542168675
1858	10	10.7397590361446
1858	11	2.59036144578313
1858	12	1.42048192771084
1859	1	0.190588235294118
1859	2	1.99418604651163
1859	3	5.21264367816092
1859	4	8.79176470588235
1859	5	13.9494252873563
1859	6	17.7931034482759
1859	7	21.0802325581395
1859	8	19.5348837209302
1859	9	14.7697674418605
1859	10	10.5802325581395
1859	11	4.58488372093023
1859	12	-0.498850574712644
1860	1	0.563636363636364
1860	2	-1.22613636363636
1860	3	2.11818181818182
1860	4	7.75
1860	5	13.5356321839080
1860	6	17.0870588235294
1860	7	18.3459770114943
1860	8	17.9942528735632
1860	9	14.6613636363636
1860	10	9.7465909090909
1860	11	3.40681818181818
1860	12	-0.798863636363636
1861	1	-3.54597701149425
1861	2	2.00229885057471
1861	3	4.67954545454545
1861	4	7.48409090909091
1861	5	12.2579545454545
1861	6	17.8215909090909
1861	7	19.4363636363636
1861	8	19.4397727272727
1861	9	14.8790697674419
1861	10	10.8069767441860
1861	11	4.64942528735632
1861	12	0.920689655172414
1862	1	-1.91379310344828
1862	2	-0.6625
1862	3	4.1448275862069
1862	4	8.89186046511628
1862	5	13.7267441860465
1862	6	16.2511904761905
1862	7	18.5535714285714
1862	8	17.5870588235294
1862	9	14.7117647058824
1862	10	10.3141176470588
1862	11	3.06785714285714
1862	12	-0.196511627906977
1863	1	1.56144578313253
1863	2	1.74880952380952
1863	3	4.26071428571429
1863	4	8.56904761904762
1863	5	13.275
1863	6	16.8048192771084
1863	7	18.4337349397590
1863	8	18.7831325301205
1863	9	14.5108433734940
1863	10	10.5578313253012
1863	11	5.24642857142857
1863	12	1.58571428571429
1864	1	-2.84222222222222
1864	2	-0.296703296703297
1864	3	4.16593406593407
1864	4	7.54725274725275
1864	5	12.0450549450549
1864	6	16.9307692307692
1864	7	18.5714285714286
1864	8	17.1681318681319
1864	9	14.2032608695652
1864	10	8.27032967032967
1864	11	2.88152173913043
1864	12	-1.15806451612903
1865	1	0.076595744680851
1865	2	-1.98510638297872
1865	3	0.975268817204301
1865	4	9.55531914893617
1865	5	14.5159574468085
1865	6	16.547311827957
1865	7	20.1580645161290
1865	8	17.9795698924731
1865	9	16.1956989247312
1865	10	10.1698924731183
1865	11	5.67340425531915
1865	12	1.16702127659574
1866	1	1.76633663366337
1866	2	1.53465346534653
1866	3	3.24257425742574
1866	4	9.03762376237624
1866	5	11.5891089108911
1866	6	17.9234693877551
1866	7	18.8824742268041
1866	8	17.5175257731959
1866	9	15.4
1866	10	9.03333333333333
1866	11	4.37604166666667
1866	12	1.37291666666667
1867	1	-1.40421052631579
1867	2	2.34736842105263
1867	3	1.84526315789474
1867	4	7.8516129032258
1867	5	11.4265957446809
1867	6	16.0569892473118
1867	7	17.8456521739130
1867	8	18.1021739130435
1867	9	14.6397849462366
1867	10	9.3763440860215
1867	11	3.55806451612903
1867	12	-1.06808510638298
1868	1	-1.75376344086021
1868	2	0.84516129032258
1868	3	3.62043010752688
1868	4	7.87340425531915
1868	5	14.6446808510638
1868	6	17.5457446808511
1868	7	19.8446808510638
1868	8	19.0276595744681
1868	9	15.4655913978495
1868	10	9.89354838709677
1868	11	3.63617021276596
1868	12	3.32127659574468
1869	1	-0.237634408602151
1869	2	3.5258064516129
1869	3	2.46666666666667
1869	4	9.13333333333333
1869	5	13.1387096774194
1869	6	15.8315217391304
1869	7	19.5434782608696
1869	8	18.0032608695652
1869	9	15.3417582417582
1869	10	9.32258064516129
1869	11	4.37934782608696
1869	12	0.345652173913043
1870	1	0.0795698924731182
1870	2	-1.57634408602151
1870	3	2.64731182795699
1870	4	8.56382978723404
1870	5	13.6968421052632
1870	6	17.2063157894737
1870	7	19.8885416666667
1870	8	17.7447916666667
1870	9	14.375
1870	10	9.5701030927835
1870	11	5.11752577319588
1870	12	-2.05463917525773
1871	1	-2.8734693877551
1871	2	-0.514
1871	3	4.81386138613861
1871	4	8.43627450980392
1871	5	11.6852941176471
1871	6	15.4388349514563
1871	7	19.2192307692308
1871	8	18.8317307692308
1871	9	14.5456310679612
1871	10	9.16893203883495
1871	11	3.30490196078431
1871	12	-1.44411764705882
1872	1	0.262037037037037
1872	2	1.31944444444444
1872	3	4.33796296296296
1872	4	9.17777777777778
1872	5	13.3844036697248
1872	6	17.0972477064220
1872	7	19.5814814814815
1872	8	18.4064814814815
1872	9	15.2935185185185
1872	10	10.2579439252336
1872	11	5.66261682242991
1872	12	1.58113207547170
1873	1	0.809009009009009
1873	2	-0.112612612612613
1873	3	4.17657657657658
1873	4	7.61621621621622
1873	5	11.7936936936937
1873	6	17.1405405405405
1873	7	19.7518181818182
1873	8	18.8834862385321
1873	9	14.4577981651376
1873	10	10.1990825688073
1873	11	4.88990825688073
1873	12	1.58727272727273
1874	1	1.26846846846847
1874	2	1.21441441441441
1874	3	3.98288288288288
1874	4	9.05675675675676
1874	5	11.6981818181818
1874	6	17.1873873873874
1874	7	19.9765765765766
1874	8	18.0513513513514
1874	9	15.8709090909091
1874	10	10.9053571428571
1874	11	4.34690265486726
1874	12	0.151327433628319
1875	1	-0.475206611570248
1875	2	-1.49338842975207
1875	3	2.60743801652893
1875	4	7.96363636363636
1875	5	14.0272727272727
1875	6	17.7950819672131
1875	7	19.1131147540984
1875	8	19.1933884297521
1875	9	15.3467213114754
1875	10	9.57540983606557
1875	11	4.17131147540984
1875	12	0.0663934426229508
1876	1	0.248717948717949
1876	2	2.35128205128205
1876	3	4.84871794871795
1876	4	9.4551724137931
1876	5	12.2820512820513
1876	6	17.88
1876	7	20.2878260869565
1876	8	19.4629310344828
1876	9	15.3689655172414
1876	10	11.4189655172414
1876	11	4.94741379310345
1876	12	1.77391304347826
1877	1	1.69655172413793
1877	2	2.91637931034483
1877	3	4.10258620689655
1877	4	8.50431034482759
1877	5	12.3758620689655
1877	6	18.2324786324786
1877	7	19.4162393162393
1877	8	19.3025641025641
1877	9	14.7555555555556
1877	10	10.2273504273504
1877	11	6.91196581196581
1877	12	2.76581196581197
1878	1	0.9848
1878	2	3.54
1878	3	5.972
1878	4	10.3976
1878	5	14.1515873015873
1878	6	18.0624
1878	7	19.8322834645669
1878	8	19.78515625
1878	9	16.546875
1878	10	12.0328125
1878	11	5.81015625
1878	12	0.932283464566929
1879	1	0.36030534351145
1879	2	2.40916030534351
1879	3	5.3587786259542
1879	4	8.99465648854962
1879	5	13.0625954198473
1879	6	17.9305343511450
1879	7	19.1580152671756
1879	8	19.6584615384615
1879	9	16.0473282442748
1879	10	11.6083969465649
1879	11	5.09923664122137
1879	12	-0.219696969696970
1880	1	0.864705882352941
1880	2	2.75367647058824
1880	3	5.78962962962963
1880	4	10.1613138686131
1880	5	13.9845588235294
1880	6	17.4977941176471
1880	7	20.1357664233577
1880	8	19.6591240875912
1880	9	16.6602941176471
1880	10	10.7306569343066
1880	11	5.50656934306569
1880	12	2.60909090909091
1881	1	-1.81013513513514
1881	2	0.759060402684564
1881	3	4.31933333333333
1881	4	8.81920529801324
1881	5	14.1456953642384
1881	6	17.5339869281046
1881	7	20.6673202614379
1881	8	19.5953642384106
1881	9	15.8071895424837
1881	10	9.77908496732026
1881	11	6.08169934640523
1881	12	1.99934210526316
1882	1	1.6925
1882	2	2.715625
1882	3	6.22621951219512
1882	4	9.42944785276074
1882	5	13.9331288343558
1882	6	17.6490797546012
1882	7	19.9884146341463
1882	8	19.5042682926829
1882	9	15.8609756097561
1882	10	10.8408536585366
1882	11	5.09878787878788
1882	12	0.987951807228916
1883	1	-0.846951219512195
1883	2	0.820121951219512
1883	3	2.83963414634146
1883	4	8.93963414634146
1883	5	13.8817073170732
1883	6	18.2233128834356
1883	7	20.1208588957055
1883	8	19.178125
1883	9	15.7339506172840
1883	10	10.585625
1883	11	5.73374233128834
1883	12	1.76086956521739
1884	1	0.406060606060606
1884	2	1.77771084337349
1884	3	4.39454545454545
1884	4	8.14085365853659
1884	5	13.6288343558282
1884	6	16.9557575757576
1884	7	19.9248484848485
1884	8	19.1975757575758
1884	9	16.0006024096386
1884	10	10.4530120481928
1884	11	4.39151515151515
1884	12	1.38666666666667
1885	1	-1.70429447852761
1885	2	1.36646341463415
1885	3	4.25304878048780
1885	4	9.10848484848485
1885	5	12.7557575757576
1885	6	17.6560240963855
1885	7	20.1981707317073
1885	8	18.5656626506024
1885	9	15.4656626506024
1885	10	9.90121212121212
1885	11	5.13030303030303
1885	12	1.27590361445783
1886	1	-1.20342857142857
1886	2	-0.498876404494382
1886	3	3.4927374301676
1886	4	9.60837988826816
1886	5	14.1786516853933
1886	6	17.4603351955307
1886	7	20.2770949720670
1886	8	19.6762711864407
1886	9	16.4256983240223
1886	10	11.0635359116022
1886	11	5.235
1886	12	1.21564245810056
1887	1	-1.12139037433155
1887	2	0.48042328042328
1887	3	4.10425531914894
1887	4	8.94285714285714
1887	5	13.8304812834225
1887	6	17.947311827957
1887	7	20.8752631578947
1887	8	19.3125
1887	9	16.0135416666667
1887	10	9.63177083333333
1887	11	5.18704663212435
1887	12	0.638020833333333
1888	1	-1.45175879396985
1888	2	-0.5115
1888	3	3.14278606965174
1888	4	9.19145728643216
1888	5	14.0497487437186
1888	6	17.8462311557789
1888	7	19.795
1888	8	19.2613065326633
1888	9	16.0635
1888	10	10.483
1888	11	5.41959798994975
1888	12	1.3845
1889	1	-1.35427135678392
1889	2	0.0296482412060302
1889	3	3.77673267326733
1889	4	9.35990099009901
1889	5	14.8671641791045
1889	6	18.5985221674877
1889	7	20.2306930693069
1889	8	19.5485148514851
1889	9	15.371568627451
1889	10	10.6058536585366
1889	11	4.86473429951691
1889	12	0.812980769230769
1890	1	0.162443438914027
1890	2	0.263392857142857
1890	3	4.10495495495496
1890	4	9.51390134529148
1890	5	13.9888392857143
1890	6	17.6110619469027
1890	7	19.8067567567568
1890	8	19.5139639639640
1890	9	15.9928571428571
1890	10	10.3184210526316
1890	11	4.73938053097345
1890	12	-0.648898678414097
1891	1	-2.69833333333333
1891	2	-0.669294605809129
1891	3	3.11327800829876
1891	4	7.96970954356846
1891	5	13.3510288065844
1891	6	17.3697095435685
1891	7	19.7319502074689
1891	8	18.8145228215768
1891	9	16.0235537190083
1891	10	10.4299180327869
1891	11	3.54190871369295
1891	12	1.24090909090909
1892	1	-2.33811475409836
1892	2	-0.140329218106996
1892	3	2.26463414634146
1892	4	8.1995951417004
1892	5	13.4809716599190
1892	6	17.8746987951807
1892	7	19.8297959183673
1892	8	19.6294354838710
1892	9	16.0536585365854
1892	10	10.0548387096774
1892	11	3.9392
1892	12	-1.57773279352227
1893	1	-4.93198380566802
1893	2	-1.70763052208835
1893	3	3.8372
1893	4	9.04331983805668
1893	5	13.5008032128514
1893	6	17.9582329317269
1893	7	20.2459349593496
1893	8	19.6205645161290
1893	9	15.5597560975610
1893	10	10.6476
1893	11	3.97848605577689
1893	12	0.4184
1894	1	-2.15569105691057
1894	2	-0.00282258064516125
1894	3	4.35783132530120
1894	4	9.4186507936508
1894	5	13.5464285714286
1894	6	17.6557312252964
1894	7	20.3788
1894	8	19.4722222222222
1894	9	15.0374501992032
1894	10	10.1253012048193
1894	11	4.60515873015873
1894	12	-0.129083665338645
1895	1	-3.27960784313726
1895	2	-2.85551181102362
1895	3	2.91206225680934
1895	4	9.0086274509804
1895	5	13.854296875
1895	6	17.6791338582677
1895	7	19.7866141732283
1895	8	19.3023346303502
1895	9	16.6011583011583
1895	10	10.1203846153846
1895	11	5.06015325670498
1895	12	0.0302681992337165
1896	1	-1.70719696969697
1896	2	0.207364341085271
1896	3	3.45977011494253
1896	4	8.31119691119691
1896	5	13.8465384615385
1896	6	18.4212355212355
1896	7	20.3713178294574
1896	8	19.1438461538462
1896	9	15.6034749034749
1896	10	10.1858778625954
1896	11	3.43682170542636
1896	12	0.0606177606177606
1897	1	-1.56539923954373
1897	2	0.610188679245283
1897	3	3.95714285714286
1897	4	9.0906015037594
1897	5	14.2606741573034
1897	6	18.2417293233083
1897	7	20.5164794007491
1897	8	19.8914814814815
1897	9	16.1224719101124
1897	10	10.5571955719557
1897	11	4.61094890510949
1897	12	-0.111355311355311
1898	1	0.247761194029851
1898	2	-0.247388059701493
1898	3	2.22267657992565
1898	4	8.7062962962963
1898	5	13.7825925925926
1898	6	17.8163568773234
1898	7	20.1216417910448
1898	8	20.0029962546816
1898	9	16.3117647058824
1898	10	10.4083941605839
1898	11	5.009963099631
1898	12	0.996691176470588
1899	1	-0.331985294117647
1899	2	-0.311029411764706
1899	3	3.11845018450185
1899	4	9.12066420664207
1899	5	13.8932584269663
1899	6	17.7569288389513
1899	7	20.3705223880597
1899	8	19.7688888888889
1899	9	16.0996296296296
1899	10	11.0681481481481
1899	11	6.21992619926199
1899	12	-0.621111111111111
1900	1	-1.54690909090909
1900	2	-0.601476014760148
1900	3	3.232
1900	4	8.72919708029197
1900	5	13.8003649635037
1900	6	18.0139194139194
1900	7	20.4061594202899
1900	8	19.7615384615385
1900	9	16.1595588235294
1900	10	11.4140221402214
1900	11	5.20882352941176
1900	12	1.42554744525547
1901	1	-2.05802919708029
1901	2	-1.81127272727273
1901	3	3.35490909090909
1901	4	9.04763636363636
1901	5	13.9229090909091
1901	6	18.1355311355311
1901	7	20.8454212454212
1901	8	19.7419708029197
1901	9	15.6086956521739
1901	10	10.4068345323741
1901	11	4.10180505415162
1901	12	-0.792391304347826
1902	1	-1.48727272727273
1902	2	-1.02888086642599
1902	3	3.58545454545455
1902	4	7.96195652173913
1902	5	12.7667870036101
1902	6	17.3239130434783
1902	7	19.5259124087591
1902	8	19.0021818181818
1902	9	15.3261818181818
1902	10	9.74598540145985
1902	11	3.88763636363636
1902	12	-1.13501805054152
1903	1	-1.32811387900356
1903	2	0.821554770318021
1903	3	4.29222614840989
1903	4	8.36737588652482
1903	5	13.6754385964912
1903	6	17.4233215547703
1903	7	19.6664285714286
1903	8	19.0968085106383
1903	9	15.7763440860215
1903	10	10.3007142857143
1903	11	4.48621908127208
1903	12	-0.641549295774648
1904	1	-2.20604982206406
1904	2	-0.543262411347518
1904	3	3.08480565371025
1904	4	8.86007067137809
1904	5	14.0223404255319
1904	6	18.0332142857143
1904	7	20.2620071684588
1904	8	19.5992831541219
1904	9	15.6459074733096
1904	10	10.5978798586572
1904	11	4.77473684210526
1904	12	0.22404181184669
1905	1	-2.37576791808874
1905	2	-1.73253424657534
1905	3	3.67542662116041
1905	4	8.31379310344828
1905	5	14.0920962199313
1905	6	18.4232876712329
1905	7	20.7550522648084
1905	8	19.6512367491166
1905	9	16.3233676975945
1905	10	10.1448630136986
1905	11	5.24740484429066
1905	12	0.985664335664336
1906	1	-1.05704467353952
1906	2	-1.25118644067797
1906	3	3.25387205387205
1906	4	9.63856655290102
1906	5	14.6563139931741
1906	6	18.5145762711864
1906	7	20.6487972508591
1906	8	20.0479591836735
1906	9	16.0801369863014
1906	10	10.9586206896552
1906	11	5.11786941580756
1906	12	0.506185567010309
1907	1	-2.29459459459459
1907	2	-1.29933110367893
1907	3	3.76026936026936
1907	4	8.3244966442953
1907	5	13.4525252525253
1907	6	17.5405405405405
1907	7	20.1077702702703
1907	8	19.4766891891892
1907	9	16.0358361774744
1907	10	11.2070234113712
1907	11	4.18528428093645
1907	12	-0.227609427609428
1908	1	-1.82668918918919
1908	2	-0.477777777777778
1908	3	2.82154882154882
1908	4	8.72114093959732
1908	5	14.1923076923077
1908	6	18.1973509933775
1908	7	20.3052805280528
1908	8	19.4184818481848
1908	9	16.1347826086957
1908	10	10.602
1908	11	3.82763157894737
1908	12	-0.221782178217822
1909	1	-2.64411764705882
1909	2	-1.37409836065574
1909	3	2.42376237623762
1909	4	8.6872131147541
1909	5	13.3745033112583
1909	6	17.7977049180328
1909	7	20.0809836065574
1909	8	20
1909	9	16.3003278688525
1909	10	11.1284768211921
1909	11	5.00657894736842
1909	12	-0.699672131147541
1910	1	-1.57563291139241
1910	2	-0.561708860759494
1910	3	4.21107594936709
1910	4	9.28412698412698
1910	5	14.0608832807571
1910	6	18.2103773584906
1910	7	20.4305031446541
1910	8	19.5347003154574
1910	9	15.8939682539683
1910	10	10.975
1910	11	3.63152866242038
1910	12	-0.271656050955414
1911	1	-2.32753164556962
1911	2	-1.47012578616352
1911	3	3.12201257861635
1911	4	8.74398734177215
1911	5	14.4955555555556
1911	6	18.5079872204473
1911	7	20.8660317460317
1911	8	20.2806962025316
1911	9	16.3930379746835
1911	10	10.3933753943218
1911	11	4.7120253164557
1911	12	0.145141065830721
1912	1	-3.08119122257053
1912	2	-0.779495268138801
1912	3	3.18996865203762
1912	4	8.78746081504702
1912	5	14.135736677116
1912	6	18.3862068965517
1912	7	20.2710691823899
1912	8	18.9113564668770
1912	9	14.8170886075949
1912	10	9.31930379746835
1912	11	3.88354430379747
1912	12	-0.0400630914826499
1913	1	-1.78629283489097
1913	2	-1.26760124610592
1913	3	3.73540372670807
1913	4	9.27430340557276
1913	5	13.7934579439252
1913	6	17.8609907120743
1913	7	20.113125
1913	8	19.8778816199377
1913	9	16.0909375
1913	10	10.5292834890966
1913	11	5.71292307692308
1913	12	0.877777777777778
1914	1	-1.30613496932515
1914	2	0.094392523364486
1914	3	3.86439628482972
1914	4	9.3723076923077
1914	5	14.479012345679
1914	6	18.4173913043478
1914	7	20.9021875
1914	8	20.0093167701863
1914	9	16.0160493827160
1914	10	10.6842105263158
1914	11	4.15171339563863
1914	12	-0.589408099688473
1915	1	-2.74299363057325
1915	2	-0.832907348242811
1915	3	1.79455128205128
1915	4	8.97215189873418
1915	5	13.7236593059937
1915	6	17.9813880126183
1915	7	20.1443037974684
1915	8	19.3132911392405
1915	9	15.6344936708861
1915	10	9.88977635782748
1915	11	3.82532051282051
1915	12	-0.763258785942492
1916	1	-1.74363057324841
1916	2	-1.35741324921136
1916	3	2.04145569620253
1916	4	8.47658227848101
1916	5	13.4796825396825
1916	6	17.2343848580442
1916	7	20.441065830721
1916	8	19.5167721518987
1916	9	15.1737341772152
1916	10	9.89179810725552
1916	11	4.09584664536741
1916	12	-1.98860759493671
1917	1	-3.86487341772152
1917	2	-3.36337579617834
1917	3	1.13841269841270
1917	4	7.55555555555556
1917	5	13.0570977917981
1917	6	18.0439873417722
1917	7	20.3689873417722
1917	8	19.6782747603834
1917	9	15.9865384615385
1917	10	9.52218649517685
1917	11	4.10128617363344
1917	12	-2.69679487179487
1918	1	-3.60660066006601
1918	2	-1.22664473684211
1918	3	3.29339933993399
1918	4	8.25882352941177
1918	5	13.4848184818482
1918	6	17.3639344262295
1918	7	19.8847176079734
1918	8	19.3736666666667
1918	9	15.366
1918	10	10.8234899328859
1918	11	3.88595317725752
1918	12	-0.645514950166113
1919	1	-2.54459459459459
1919	2	-1.86266666666667
1919	3	2.50234113712375
1919	4	8.41466666666667
1919	5	13.2776666666667
1919	6	17.8145762711864
1919	7	19.9747440273038
1919	8	19.4348122866894
1919	9	16.2628472222222
1919	10	10.2264808362369
1919	11	3.09198606271777
1919	12	-0.888850174216028
1920	1	-1.18472222222222
1920	2	-0.234827586206897
1920	3	4.53506944444444
1920	4	9.11883561643836
1920	5	14.3068493150685
1920	6	17.7979522184300
1920	7	20.3058620689655
1920	8	19.4630136986301
1920	9	16.1781569965870
1920	10	10.4697278911565
1920	11	4.33003412969283
1920	12	-0.0372013651877133
1921	1	0.168686868686869
1921	2	0.426845637583893
1921	3	5.25217391304348
1921	4	10.0123745819398
1921	5	14.6943521594684
1921	6	18.4384868421053
1921	7	20.9253289473684
1921	8	19.8590759075908
1921	9	16.2531147540984
1921	10	11.2314935064935
1921	11	3.90690789473684
1921	12	0.403921568627451
1922	1	-2.90393442622951
1922	2	-0.827361563517915
1922	3	3.74491803278689
1922	4	8.77105263157895
1922	5	14.5340983606557
1922	6	18.2258278145695
1922	7	20.0042622950820
1922	8	19.5764705882353
1922	9	15.8918566775244
1922	10	10.3922330097087
1922	11	4.65048543689320
1922	12	0.203858520900322
1923	1	-0.723778501628665
1923	2	-1.37320261437908
1923	3	3.56387096774194
1923	4	8.13354838709677
1923	5	13.8695512820513
1923	6	17.4412698412698
1923	7	20.5239616613419
1923	8	19.5971428571429
1923	9	16.2447949526814
1923	10	11.2883647798742
1923	11	5.3858934169279
1923	12	0.625632911392405
1924	1	-2.48117283950617
1924	2	-1.04043209876543
1924	3	2.60030864197531
1924	4	8.55201238390093
1924	5	13.9673913043478
1924	6	17.971826625387
1924	7	20.3096573208723
1924	8	19.7142414860681
1924	9	16.2557275541796
1924	10	11.1448916408669
1924	11	5.11851851851852
1924	12	-0.079876160990712
1925	1	-1.14746268656716
1925	2	0.236363636363636
1925	3	3.40147058823529
1925	4	9.37626112759644
1925	5	14.2032640949555
1925	6	18.1473529411765
1925	7	20.5997058823529
1925	8	19.9688953488372
1925	9	15.9173410404624
1925	10	9.75677233429395
1925	11	3.85057142857143
1925	12	-0.672988505747126
1926	1	-2.05502793296089
1926	2	-0.157983193277311
1926	3	3.25028089887640
1926	4	8.49527777777778
1926	5	13.6558333333333
1926	6	17.7449035812672
1926	7	20.2685082872928
1926	8	19.7316666666667
1926	9	16.1552197802198
1926	10	10.1548209366391
1926	11	4.41775956284153
1926	12	-1.43780821917808
1927	1	-3.14945054945055
1927	2	-1.33553719008264
1927	3	3.1121546961326
1927	4	8.58314917127072
1927	5	13.5102209944751
1927	6	17.9434903047091
1927	7	20.9411602209945
1927	8	19.8206043956044
1927	9	16.0728260869565
1927	10	10.7841961852861
1927	11	3.95788043478261
1927	12	-2.52547945205479
1928	1	-2.41571815718157
1928	2	-1.23967828418231
1928	3	2.24243243243243
1928	4	8.22351351351351
1928	5	13.8422043010753
1928	6	17.4045698924731
1928	7	20.6710810810811
1928	8	19.6319034852547
1928	9	15.7522666666667
1928	10	10.4346774193548
1928	11	4.7
1928	12	-0.967750677506775
1929	1	-4.14973404255319
1929	2	-4.60291777188329
1929	3	2.86428571428571
1929	4	7.9517060367454
1929	5	14.0765171503958
1929	6	17.8534210526316
1929	7	20.6002624671916
1929	8	20.1456
1929	9	15.9293650793651
1929	10	10.9180851063830
1929	11	4.64409448818898
1929	12	-1.03884514435696
1930	1	-2.7
1930	2	-1.13529411764706
1930	3	3.59923273657289
1930	4	9.00862944162436
1930	5	13.9567430025445
1930	6	18.3286802030457
1930	7	20.8335025380711
1930	8	20.4070707070707
1930	9	15.9435567010309
1930	10	10.4454314720812
1930	11	4.76649746192893
1930	12	-0.97468030690537
1931	1	-2.34497487437186
1931	2	-2.2140350877193
1931	3	2.7605
1931	4	8.46401985111662
1931	5	14.1308457711443
1931	6	18.6261728395062
1931	7	21.1009975062344
1931	8	20.1596491228070
1931	9	16.2095717884131
1931	10	11.0750623441397
1931	11	4.89203980099502
1931	12	-0.02275
1932	1	-0.508168316831683
1932	2	-1.79172932330827
1932	3	2.33784461152882
1932	4	8.9136815920398
1932	5	14.1212345679012
1932	6	18.295085995086
1932	7	20.9350746268657
1932	8	20.5582089552239
1932	9	16.6128078817734
1932	10	10.7481481481481
1932	11	4.16237623762376
1932	12	0.0835820895522388
1933	1	-2.932
1933	2	-1.94617283950617
1933	3	2.57219512195122
1933	4	8.6992718446602
1933	5	14.0450602409639
1933	6	18.2642335766423
1933	7	21.3649509803922
1933	8	20.2678048780488
1933	9	16.3743276283619
1933	10	10.6752427184466
1933	11	3.96875
1933	12	-1.6578431372549
1934	1	-2.62354368932039
1934	2	-0.409903381642512
1934	3	2.69513381995134
1934	4	8.80772946859903
1934	5	14.7053268765133
1934	6	18.5641646489104
1934	7	21.0243902439024
1934	8	19.9934466019417
1934	9	16.0778869778870
1934	10	10.8772616136919
1934	11	4.86666666666667
1934	12	0.170487804878049
1935	1	-3.51678832116788
1935	2	0.0297101449275362
1935	3	3.12843373493976
1935	4	8.3170673076923
1935	5	13.2646634615385
1935	6	18.2278846153846
1935	7	20.9026506024096
1935	8	20.1638755980861
1935	9	16.1357314148681
1935	10	10.7794685990338
1935	11	3.16722891566265
1935	12	-1.66820388349515
1936	1	-3.49002320185615
1936	2	-3.39954128440367
1936	3	2.21047835990888
1936	4	7.90045351473923
1936	5	13.9854214123007
1936	6	18.5375
1936	7	21.2889140271493
1936	8	20.0353075170843
1936	9	15.938202247191
1936	10	9.6777027027027
1936	11	3.42782805429864
1936	12	-0.975681818181818
1937	1	-4.22494382022472
1937	2	-2.15348314606742
1937	3	1.24120267260579
1937	4	8.13534675615213
1937	5	14.1361607142857
1937	6	18.5605790645880
1937	7	20.9842696629213
1937	8	20.3961968680089
1937	9	16.1977678571429
1937	10	10.2600446428571
1937	11	2.89213483146067
1937	12	-2.66659038901602
1938	1	-3.866
1938	2	-1.97866666666667
1938	3	3.30687361419069
1938	4	8.84420131291028
1938	5	13.8489035087719
1938	6	18.2982494529540
1938	7	20.9739035087719
1938	8	20.5305676855895
1938	9	16.2564935064935
1938	10	10.4265934065934
1938	11	3.94254859611231
1938	12	-2.91195652173913
1939	1	-3.52446808510638
1939	2	-1.89492600422833
1939	3	1.70424628450106
1939	4	8.44334038054968
1939	5	13.8791044776119
1939	6	18.575
1939	7	21.0671641791045
1939	8	20.2733475479744
1939	9	15.9029850746269
1939	10	9.27749469214437
1939	11	3.55978723404255
1939	12	-0.64468085106383
1940	1	-6.07221052631579
1940	2	-2.95838509316770
1940	3	1.97904564315353
1940	4	8.48757763975155
1940	5	13.6565217391304
1940	6	18.3946058091286
1940	7	20.849375
1940	8	19.7935281837161
1940	9	15.7632567849687
1940	10	9.70828157349897
1940	11	3.26291666666667
1940	12	-1.68930817610063
1941	1	-4.64016563146998
1941	2	-2.2698347107438
1941	3	1.84551020408163
1941	4	8.04159836065574
1941	5	13.4825102880658
1941	6	18.379917184265
1941	7	20.9037267080745
1941	8	19.7136363636364
1941	9	15.61875
1941	10	10.0322245322245
1941	11	2.63734439834025
1941	12	-2.29853862212944
1942	1	-5.19610655737705
1942	2	-4.23169734151329
1942	3	1.71527494908350
1942	4	8.17979797979798
1942	5	13.5617886178862
1942	6	18.3044806517312
1942	7	20.7868154158215
1942	8	19.8551724137931
1942	9	15.8725971370143
1942	10	10.3464065708419
1942	11	3.17860082304527
1942	12	-1.7476386036961
1943	1	-5.04846625766871
1943	2	-1.86487603305785
1943	3	1.96257668711656
1943	4	8.77670103092784
1943	5	14.1891393442623
1943	6	18.1012320328542
1943	7	20.9151950718686
1943	8	20.230658436214
1943	9	15.9660455486542
1943	10	10.4288381742739
1943	11	2.85762004175365
1943	12	-1.45732217573222
1944	1	-2.73065843621399
1944	2	-1.92654320987654
1944	3	2.36921487603306
1944	4	8.05546391752577
1944	5	13.9878600823045
1944	6	18.0223360655738
1944	7	20.7273858921162
1944	8	19.9930184804928
1944	9	15.9617586912065
1944	10	9.9437627811861
1944	11	2.42438016528926
1944	12	-3.4701646090535
1945	1	-5.47314049586777
1945	2	-3.37720739219713
1945	3	2.07022587268994
1945	4	8.4522633744856
1945	5	13.2381443298969
1945	6	17.8406122448980
1945	7	20.2002083333333
1945	8	19.9993814432990
1945	9	15.7895061728395
1945	10	9.93251028806584
1945	11	2.83963414634146
1945	12	-3.24573170731707
1946	1	-3.8261569416499
1946	2	-2.00222222222222
1946	3	1.89579158316633
1946	4	8.8559118236473
1946	5	13.4189620758483
1946	6	17.9842
1946	7	20.7281124497992
1946	8	19.805
1946	9	15.7981854838710
1946	10	9.4158
1946	11	2.91653386454183
1946	12	-3.35665322580645
1947	1	-5.27227722772277
1947	2	-4.13803921568627
1947	3	1.80294117647059
1947	4	8.51827111984283
1947	5	13.4698224852071
1947	6	17.9489236790607
1947	7	20.5585461689587
1947	8	20.0236686390533
1947	9	16.1498039215686
1947	10	10.4484313725490
1947	11	3.17937743190661
1947	12	-2.45126213592233
1948	1	-3.00174418604651
1948	2	-2.69709864603482
1948	3	1.99729206963250
1948	4	8.7100386100386
1948	5	14.1914563106796
1948	6	18.4601167315175
1948	7	20.47578125
1948	8	19.7711240310078
1948	9	15.7753398058252
1948	10	9.91686046511628
1948	11	3.35386100386100
1948	12	-2.23911368015414
1949	1	-3.24066147859922
1949	2	-2.64427184466019
1949	3	1.26135922330097
1949	4	8.52446601941748
1949	5	14.0910505836576
1949	6	18.0819417475728
1949	7	20.5589390962672
1949	8	19.8061023622047
1949	9	15.8614173228346
1949	10	10.0579961464355
1949	11	3.09036608863198
1949	12	-2.59011627906977
1950	1	-5.62186311787072
1950	2	-2.92110266159696
1950	3	1.99435028248588
1950	4	7.97882797731569
1950	5	13.9930451127820
1950	6	18.4275797373358
1950	7	20.5750943396226
1950	8	19.6998120300752
1950	9	15.7560975609756
1950	10	9.91722846441948
1950	11	1.94708097928437
1950	12	-2.64191729323308
1951	1	-3.21259370314843
1951	2	-2.12701492537313
1951	3	2.45603576751118
1951	4	9.1927191679049
1951	5	14.2116863905325
1951	6	18.4186011904762
1951	7	20.9824143070045
1951	8	20.7117820324006
1951	9	16.7858823529412
1951	10	10.5079178885630
1951	11	4.41067251461988
1951	12	0.359237536656892
1952	1	-2.08411078717201
1952	2	-1.06934306569343
1952	3	2.27076023391813
1952	4	9.47737226277372
1952	5	14.3171052631579
1952	6	18.8855685131195
1952	7	21.5342565597668
1952	8	20.7348905109489
1952	9	16.3622448979592
1952	10	10.4116279069767
1952	11	3.14504373177843
1952	12	-0.993430656934307
1953	1	-2.2589001447178
1953	2	-0.917971014492754
1953	3	3.6393063583815
1953	4	9.46512968299712
1953	5	14.6877344877345
1953	6	19.0975504322767
1953	7	21.4545454545455
1953	8	20.6373737373737
1953	9	16.6715728715729
1953	10	11.1813314037627
1953	11	3.69753979739508
1953	12	-0.0672438672438673
1954	1	-4.0294964028777
1954	2	-2.23126801152738
1954	3	2.85236728837877
1954	4	8.57718794835007
1954	5	14.1459770114943
1954	6	18.9753911806543
1954	7	20.8773826458037
1954	8	20.4646219686163
1954	9	16.9264204545455
1954	10	11.1589743589744
1954	11	4.87007092198582
1954	12	-0.451485148514851
1955	1	-1.64070921985816
1955	2	-0.818892045454545
1955	3	2.31758865248227
1955	4	8.8270538243626
1955	5	14.4631728045326
1955	6	18.7944523470839
1955	7	21.4728429985856
1955	8	20.8603667136812
1955	9	16.7719943422914
1955	10	11.0720963172805
1955	11	4.12828854314003
1955	12	-0.594774011299435
1956	1	-2.53535211267606
1956	2	-3.35308988764045
1956	3	2.38778089887640
1956	4	8.55752461322082
1956	5	14.3164788732394
1956	6	18.5378873239437
1956	7	20.8129943502825
1956	8	19.9494350282486
1956	9	16.2478813559322
1956	10	10.6908835904628
1956	11	3.20855539971949
1956	12	-1.10070422535211
1957	1	-2.99567039106145
1957	2	-0.592027972027972
1957	3	3.24013986013986
1957	4	9.08089260808926
1957	5	13.9797768479777
1957	6	18.9099439775910
1957	7	21.1547486033520
1957	8	20.3233566433566
1957	9	16.4599439775910
1957	10	10.7471328671329
1957	11	4.56106442577031
1957	12	0.0492997198879552
1958	1	-1.82357043235704
1958	2	-0.102781641168289
1958	3	2.85048814504881
1958	4	8.85676429567643
1958	5	14.8605042016807
1958	6	18.5635854341737
1958	7	21.0279329608939
1958	8	20.5165034965035
1958	9	16.4895104895105
1958	10	10.9223463687151
1958	11	4.69344490934449
1958	12	-0.0284122562674094
1959	1	-2.28611111111111
1959	2	-1
1959	3	4.19777158774373
1959	4	9.66397774687065
1959	5	14.5765277777778
1959	6	18.9105702364395
1959	7	21.4639777468707
1959	8	20.7434540389972
1959	9	16.6065368567455
1959	10	10.6241666666667
1959	11	3.52896935933148
1959	12	-0.497916666666667
1960	1	-2.4441504178273
1960	2	-0.0845618915159945
1960	3	2.44102920723227
1960	4	9.00958333333333
1960	5	14.4592233009709
1960	6	19.1556944444444
1960	7	20.9470097357441
1960	8	20.3094707520891
1960	9	16.4629526462396
1960	10	10.9479166666667
1960	11	4.58102493074792
1960	12	-0.138642659279778
1961	1	-2.79506172839506
1961	2	-0.0358413132694938
1961	3	4.16410958904110
1961	4	9.58688524590164
1961	5	14.2417582417582
1961	6	18.9844594594595
1961	7	20.9544474393531
1961	8	20.2225850340136
1961	9	16.6121253405995
1961	10	10.5240109140518
1961	11	4.27727891156463
1961	12	-1.02398373983740
1962	1	-2.12571041948579
1962	2	-0.653721244925575
1962	3	2.73098782138024
1962	4	9.26562922868742
1962	5	14.4164402173913
1962	6	18.2829986613119
1962	7	20.8043068640646
1962	8	20.3900265957447
1962	9	16.2540106951872
1962	10	11.0139223560910
1962	11	4.01695594125501
1962	12	-0.88335552596538
1963	1	-3.98167330677291
1963	2	-1.20343461030383
1963	3	3.07239101717305
1963	4	8.9992073976222
1963	5	14.4413702239789
1963	6	18.6702099737533
1963	7	21.3672346002621
1963	8	20.4034120734908
1963	9	16.6874180865007
1963	10	11.4518372703412
1963	11	5.38468586387435
1963	12	-1.36225425950197
1964	1	-3.05315789473684
1964	2	-2.03556430446194
1964	3	2.46171052631579
1964	4	8.92401055408971
1964	5	14.7500658761528
1964	6	18.9613965744401
1964	7	21.2600785340314
1964	8	20.1296732026144
1964	9	16.2714659685864
1964	10	10.3692607003891
1964	11	4.5578125
1964	12	-0.937109375
1965	1	-2.21368970013038
1965	2	-1.98777633289987
1965	3	3.17232375979112
1965	4	8.53551769331586
1965	5	14.3951633986928
1965	6	18.8453002610966
1965	7	20.7002600780234
1965	8	19.7778656126482
1965	9	16.0671035386632
1965	10	10.7241469816273
1965	11	3.62165354330709
1965	12	-0.383727034120735
1966	1	-2.88605263157895
1966	2	-0.0462239583333333
1966	3	3.73935064935065
1966	4	9.20206985769728
1966	5	14.5243489583333
1966	6	19.1212160413972
1966	7	21.1752577319588
1966	8	20.5735142118863
1966	9	16.7375804375804
1966	10	11.2989703989704
1966	11	4.14348387096774
1966	12	-1.34
1967	1	-2.61861360718870
1967	2	-1.27719072164948
1967	3	4.19537869062901
1967	4	9.28536585365854
1967	5	14.8332046332046
1967	6	18.5963917525773
1967	7	21.5349614395887
1967	8	20.7488402061856
1967	9	16.6008997429306
1967	10	11.7542635658915
1967	11	4.54294954721863
1967	12	-0.95614489003881
1968	1	-3.18918918918919
1968	2	-1.35874035989717
1968	3	4.63089743589744
1968	4	9.77179818887451
1968	5	14.4983160621762
1968	6	18.9765083440308
1968	7	21.0356867779204
1968	8	20.0676546391753
1968	9	16.3893041237113
1968	10	10.9346203346203
1968	11	4.40954838709677
1968	12	-0.991304347826087
1969	1	-3.86225930680359
1969	2	-2.70449293966624
1969	3	2.82429667519182
1969	4	9.19859154929578
1969	5	14.7568501920615
1969	6	18.6843989769821
1969	7	21.2668806161746
1969	8	20.528443877551
1969	9	16.6469072164948
1969	10	11.0532133676093
1969	11	4.81788931788932
1969	12	-0.906459948320413
1970	1	-2.65881595881596
1970	2	-0.435649935649936
1970	3	2.7994851994852
1970	4	9.38664072632944
1970	5	14.7161082474227
1970	6	19.1859354838710
1970	7	21.3652509652510
1970	8	20.7748062015504
1970	9	16.7019556714472
1970	10	10.6708549222798
1970	11	4.81111111111111
1970	12	-0.93169469598965
1971	1	-2.15164383561644
1971	2	-1.49005524861878
1971	3	2.50493827160494
1971	4	9.17873799725652
1971	5	14.7017857142857
1971	6	18.5193055555556
1971	7	21.2398907103825
1971	8	20.6186046511628
1971	9	16.5717213114754
1971	10	11.0847203274216
1971	11	4.84890710382514
1971	12	-0.229722222222222
1972	1	-3.92303448275862
1972	2	-2.08777777777778
1972	3	3.38217270194986
1972	4	9.16199158485274
1972	5	14.2142259414226
1972	6	18.6340782122905
1972	7	20.8121985815603
1972	8	20.1655076495132
1972	9	15.5915848527349
1972	10	10.2303496503497
1972	11	3.80521861777151
1972	12	-0.99302649930265
1973	1	-2.73342579750347
1973	2	-0.499165507649513
1973	3	3.77715877437326
1973	4	9.25702479338843
1973	5	14.7142061281337
1973	6	19.2366896551724
1973	7	21.2018156424581
1973	8	20.7282157676349
1973	9	16.4790502793296
1973	10	10.5033519553073
1973	11	3.77974504249292
1973	12	-0.652062588904694
1974	1	-3.03697478991597
1974	2	-1.42053072625698
1974	3	3.71244813278008
1974	4	9.28052851182198
1974	5	14.2900699300699
1974	6	18.5837988826816
1974	7	20.9807262569832
1974	8	20.3296244784423
1974	9	16.0978813559322
1974	10	9.62865329512894
1974	11	3.81315417256011
1974	12	-0.849929478138223
1975	1	-1.44415041782730
1975	2	-1.30141843971631
1975	3	3.56605374823197
1975	4	9.24558204768583
1975	5	14.7504166666667
1975	6	18.7909219858156
1975	7	21.2736011477762
1975	8	20.5731811697575
1975	9	16.7436416184971
1975	10	10.3101302460203
1975	11	3.47982708933718
1975	12	-1.58214804063861
1976	1	-2.69885222381636
1976	2	-1.54316239316239
1976	3	1.92082738944365
1976	4	8.98239436619718
1976	5	13.9089725036179
1976	6	18.5559032716927
1976	7	20.7833333333333
1976	8	19.8268847795164
1976	9	15.6846376811594
1976	10	9.26786226685796
1976	11	2.55433186490455
1976	12	-2.07849927849928
1977	1	-5.00261627906977
1977	2	-1.30674486803519
1977	3	4.13008720930233
1977	4	9.3264367816092
1977	5	14.5105187319885
1977	6	18.86
1977	7	20.9520923520924
1977	8	20.0614509246088
1977	9	16.0554913294798
1977	10	10.3368650217707
1977	11	4.66008771929825
1977	12	-1.27312775330396
1978	1	-3.02168330955777
1978	2	-1.88559322033898
1978	3	3.61076487252125
1978	4	8.78883928571429
1978	5	14.1782670454545
1978	6	18.4243902439024
1978	7	20.7650071123755
1978	8	19.8837110481586
1978	9	16.2293201133144
1978	10	10.5682857142857
1978	11	4.15376955903272
1978	12	-1.26652482269504
1979	1	-3.91671428571429
1979	2	-1.96112716763006
1979	3	3.51908831908832
1979	4	8.11204644412192
1979	5	14.2653061224490
1979	6	19.1998581560284
1979	7	20.8659090909091
1979	8	20.1706970128023
1979	9	16.4688571428571
1979	10	10.9772277227723
1979	11	3.99784791965567
1979	12	0.387142857142857
1980	1	-3.63605150214592
1980	2	-1.55769784172662
1980	3	2.39858757062147
1980	4	8.97007092198582
1980	5	14.4327683615819
1980	6	19.0147937411095
1980	7	21.211706629055
1980	8	20.2592485549133
1980	9	16.3607246376812
1980	10	10.3674384949349
1980	11	4.33220588235294
1980	12	-1.12829912023460
1981	1	-2.01715076071923
1981	2	-0.290247252747253
1981	3	4.7471724137931
1981	4	9.79138888888889
1981	5	14.6675414364641
1981	6	19.2302777777778
1981	7	21.4409090909091
1981	8	20.5914127423823
1981	9	16.7426002766252
1981	10	10.7241712707182
1981	11	4.12306629834254
1981	12	-0.214404432132964
1982	1	-3.37130801687764
1982	2	-1.49606741573034
1982	3	3.02555865921788
1982	4	9.25035063113605
1982	5	14.7494397759104
1982	6	18.6818053596615
1982	7	21.2578651685393
1982	8	20.2991537376587
1982	9	16.8324929971989
1982	10	10.9097357440890
1982	11	4.29861111111111
1982	12	0.0553846153846154
1983	1	-1.38016877637131
1983	2	-1.03314606741573
1983	3	3.88484005563282
1983	4	9.49029126213592
1983	5	14.5726768377254
1983	6	18.6929166666667
1983	7	21.7439160839161
1983	8	21.0202216066482
1983	9	16.9089136490251
1983	10	11.0478502080444
1983	11	5.07545076282940
1983	12	-0.739609483960948
1984	1	-2.47053072625698
1984	2	-1.64972067039106
1984	3	3.01509167842031
1984	4	9.04916201117318
1984	5	14.6981818181818
1984	6	18.9557262569832
1984	7	21.1731197771588
1984	8	20.5585434173669
1984	9	16.2227653631285
1984	10	10.8419491525424
1984	11	4.08617318435754
1984	12	-1.87791842475387
1985	1	-3.83356545961003
1985	2	-2.35062586926287
1985	3	2.89192200557103
1985	4	9.57623066104079
1985	5	14.9160167130919
1985	6	18.5707112970711
1985	7	21.2265927977839
1985	8	20.6718662952646
1985	9	16.3907433380084
1985	10	10.8314245810056
1985	11	3.60641562064156
1985	12	-0.799579242636746
1986	1	-1.8356940509915
1986	2	-1.82092696629213
1986	3	3.83128491620112
1986	4	9.55259467040673
1986	5	15.0379213483146
1986	6	19.1739436619718
1986	7	21.1934449093445
1986	8	20.4787114845938
1986	9	16.3622191011236
1986	10	10.7143262411348
1986	11	4.07144866385373
1986	12	-0.818838526912181
1987	1	-3.31430575035063
1987	2	-0.0255586592178771
1987	3	2.44214186369958
1987	4	9.3453781512605
1987	5	14.4725988700565
1987	6	18.8538354253835
1987	7	21.4157821229050
1987	8	20.4401398601399
1987	9	17.0556643356643
1987	10	10.6541899441341
1987	11	3.94887955182073
1987	12	0.166573033707865
1988	1	-1.63082287308229
1988	2	-1.12535014005602
1988	3	3.45209497206704
1988	4	9.68272980501393
1988	5	15.1515320334262
1988	6	19.3295197740113
1988	7	21.8018361581921
1988	8	21.0429763560501
1988	9	16.9252793296089
1988	10	11.1120448179272
1988	11	4.22761506276151
1988	12	0.263076923076923
1989	1	-1.71868758915835
1989	2	-0.222507122507122
1989	3	4.67431850789096
1989	4	9.76941678520626
1989	5	15.0621621621622
1989	6	18.9752873563218
1989	7	21.5969784172662
1989	8	20.6697841726619
1989	9	16.7134094151213
1989	10	11.2900426742532
1989	11	4.15857142857143
1989	12	-0.226466380543634
1990	1	-1.55550458715596
1990	2	0.924159021406728
1990	3	5.89757575757576
1990	4	9.73847328244275
1990	5	15.3112324492980
1990	6	19.4126365054602
1990	7	21.5194053208138
1990	8	21.0108108108108
1990	9	16.9299684542587
1990	10	11.8038338658147
1990	11	5.66050552922591
1990	12	0.238328075709779
1991	1	-0.665081967213115
1991	2	0.764842454394693
1991	3	5.4232633279483
1991	4	10.3697899838449
1991	5	14.7202898550725
1991	6	19.4454098360656
1991	7	22.3133226324238
1991	8	21.5275974025974
1991	9	17.8347334410339
1991	10	12.0779742765273
1991	11	5.80842787682334
1991	12	0.70128
1992	1	0.149761526232115
1992	2	1.27536704730832
1992	3	4.83110749185668
1992	4	10.0362179487179
1992	5	15.3342443729904
1992	6	18.9932038834951
1992	7	21.4061056105611
1992	8	21.1273885350318
1992	9	17.0515397082658
1992	10	11.3918831168831
1992	11	5.3053882725832
1992	12	0.647476340694006
1993	1	-0.876555023923445
1993	2	0.462264150943396
1993	3	4.82539184952978
1993	4	10.0725961538462
1993	5	15.6224193548387
1993	6	19.2080441640379
1993	7	21.3432601880878
1993	8	20.7305958132045
1993	9	16.6838095238095
1993	10	11.6352201257862
1993	11	4.0968152866242
1993	12	1.68825396825397
1994	1	-0.372283464566929
1994	2	-0.0142857142857143
1994	3	5.50501567398119
1994	4	10.9048589341693
1994	5	15.7506309148265
1994	6	19.9691705790297
1994	7	22.7173202614379
1994	8	21.8091205211726
1994	9	17.8988709677419
1994	10	12.4418530351438
1994	11	6.9200647249191
1994	12	1.57388429752066
1995	1	0.196964856230032
1995	2	2.80128410914928
1995	3	5.59220985691574
1995	4	10.3900641025641
1995	5	15.6195476575121
1995	6	19.8032102728732
1995	7	22.5166936790924
1995	8	21.9992012779553
1995	9	17.3175523349436
1995	10	12.8174551386623
1995	11	5.8667731629393
1995	12	0.87040650406504
1996	1	-0.87676282051282
1996	2	0.526272577996716
1996	3	4.19228295819936
1996	4	10.0686900958466
1996	5	15.6119236883943
1996	6	19.7426984126984
1996	7	21.9328075709779
1996	8	21.2028892455859
1996	9	16.8510236220472
1996	10	11.6638844301766
1996	11	5.72877583465819
1996	12	1.32744479495268
1997	1	-0.824837662337662
1997	2	1.61913183279743
1997	3	5.71030110935024
1997	4	10.0672051696284
1997	5	15.8199036918138
1997	6	20.0103392568659
1997	7	22.0671428571429
1997	8	21.7748807631161
1997	9	17.3580327868852
1997	10	12.0044871794872
1997	11	6.03232963549921
1997	12	1.38573770491803
1998	1	-0.07888
1998	2	2.68642972536349
1998	3	5.23925686591276
1998	4	11.2552334943639
1998	5	16.1181523500810
1998	6	20.1613376835237
1998	7	22.5271828665568
1998	8	22.0124595469256
1998	9	18.1706557377049
1998	10	12.373735725938
1998	11	5.47680921052632
1998	12	1.40016155088853
1999	1	0.124276527331190
1999	2	1.85369774919614
1999	3	4.8266339869281
1999	4	11.1570723684211
1999	5	16.1736928104575
1999	6	20.1494252873563
1999	7	22.7278768233387
1999	8	21.8339344262295
1999	9	18.2818481848185
1999	10	12.6720394736842
1999	11	6.05718954248366
1999	12	2.00949263502455
2000	1	-0.866134185303514
2000	2	1.83196721311475
2000	3	5.90489396411093
2000	4	11.6130293159609
2000	5	16.1886632825719
2000	6	20.2473429951691
2000	7	22.2557165861514
2000	8	21.9809369951535
2000	9	17.6077049180328
2000	10	11.9790923824959
2000	11	5.51865793780687
2000	12	1.43934426229508
2001	1	-0.928291814946619
2001	2	0.365140845070422
2001	3	5.62540250447227
2001	4	10.4597864768683
2001	5	16.4064981949458
2001	6	20.1556149732620
2001	7	22.4310834813499
2001	8	22.1760984182777
2001	9	17.1729055258467
2001	10	12.9621478873239
2001	11	6.17015706806283
2001	12	-0.0804195804195804
2002	1	0.312434325744308
2002	2	2.75432525951557
2002	3	6.03373493975904
2002	4	10.5431542461005
2002	5	15.8902397260274
2002	6	20.4203478260870
2002	7	22.6443280977312
2002	8	21.5304728546410
2002	9	17.7225862068966
2002	10	11.5713298791019
2002	11	5.86130136986301
2002	12	0.0152249134948097
2003	1	-0.790592334494774
2003	2	-0.154733218588640
2003	3	4.56410714285714
2003	4	10.2578671328671
2003	5	16.2196891191710
2003	6	20.4833043478261
2003	7	22.1964157706093
2003	8	22.1333333333333
2003	9	17.7101754385965
2003	10	11.8661996497373
2003	11	5.63499111900533
2003	12	1.57934027777778
2004	1	-0.791652470187394
2004	2	1.53123909249564
2004	3	5.86301369863014
2004	4	10.7905861456483
2004	5	15.6276223776224
2004	6	20.0934482758621
2004	7	22.2753424657534
2004	8	21.5994880546075
2004	9	17.6773972602740
2004	10	12.4757264957265
2004	11	6.03006993006993
2004	12	0.777606837606838
2005	1	-0.747848537005164
2005	2	-0.730344827586207
2005	3	5.08407534246575
2005	4	11.0487889273356
2005	5	15.9543293718166
2005	6	20.4559463986600
2005	7	22.8785831960461
2005	8	21.7653399668325
2005	9	18.3219594594595
2005	10	12.6735849056604
2005	11	6.29917081260365
2005	12	0.852093802345059
2006	1	-1.18483816013629
2006	2	0.415870307167235
2006	3	4.90586206896552
2006	4	10.8181034482759
2006	5	15.7952631578947
2006	6	20.4463497453311
2006	7	22.9066666666667
2006	8	21.5934369602763
2006	9	18.0408547008547
2006	10	12.8573355817875
2006	11	6.38
2006	12	1.94298093587522
2007	1	0.85483870967742
2007	2	1.47372013651877
2007	3	6.06193771626298
2007	4	11.2346869712352
2007	5	16.4783783783784
2007	6	20.5561983471074
2007	7	22.4974874371859
2007	8	22.2272881355932
2007	9	18.1097682119205
2007	10	12.5654941373534
2007	11	6.00927152317881
2007	12	1.61644067796610
2008	1	-0.841708542713568
2008	2	1.00384615384615
2008	3	6.7046357615894
2008	4	11.2103278688525
2008	5	15.9945990180033
2008	6	20.3331147540984
2008	7	22.6530377668309
2008	8	21.9765472312704
2008	9	17.746875
2008	10	12.5765676567657
2008	11	5.87647058823529
2008	12	0.463143254520167
2009	1	-0.635179153094462
2009	2	0.921943048576214
2009	3	5.2973063973064
2009	4	11.4578947368421
2009	5	16.0974747474747
2009	6	20.0059602649007
2009	7	22.2385521885522
2009	8	21.7385906040268
2009	9	18.0122895622896
2009	10	12.0423011844332
