1841	1	19.9
1841	2	19.1
1841	3	17.2
1841	4	12.1
1841	5	10.4
1841	6	8.2
1841	7	6.1
1841	8	8.8
1841	9	11.7
1841	10	13.2
1841	11	15.6
1841	12	16.1
1842	1	17.7
1842	2	18
1842	3	16.1
1842	4	11.9
1842	5	10.4
1842	6	7.6
1842	7	5.6
1842	8	8.2
1842	9	11.8
1842	10	11.1
1842	11	15.3
1842	12	15.9
1843	1	17.5
1843	2	18.1
1843	3	16.3
1843	4	12.1
1843	5	11
1843	6	9.2
1843	7	6.9
1843	8	8.5
1843	9	10.6
1843	10	13.3
1843	11	16.5
1843	12	17.5
1844	1	17.1
1844	2	18.4
1844	3	14.7
1844	4	11
1844	5	10.8
1844	6	7.6
1844	7	6.6
1844	8	7.6
1844	9	10.4
1844	10	12.2
1844	11	13.2
1844	12	16.2
1845	1	18.5
1845	2	17.1
1845	3	16.3
1845	4	13.4
1845	5	9.9
1845	6	7.6
1845	7	8.3
1845	8	8.8
1845	9	12.2
1845	10	13.3
1845	11	15.5
1845	12	17.3
1846	1	18.3
1846	2	16.2
1846	3	15.7
1846	4	12.7
1846	5	10.2
1846	6	8.4
1846	7	6.9
1846	8	7.6
1846	9	10.7
1846	10	13.3
1846	11	16.2
1846	12	18.6
1847	1	18
1847	2	17.4
1847	3	15.3
1847	4	12.6
1847	5	9.3
1847	6	6.9
1847	7	7.1
1847	8	9.5
1847	9	11.8
1847	10	12.6
1847	11	13.9
1847	12	18.2
1848	1	16.6
1848	2	15.7
1848	3	16.3
1848	4	15
1848	5	9.8
1848	6	8
1848	7	6
1848	8	7.8
1848	9	9.3
1848	10	11.2
1848	11	13
1848	12	14.5
1849	1	16
1849	2	14.6
1849	3	13.6
1849	4	10.6
1849	5	8.8
1849	6	7.1
1849	7	6.6
1849	8	8.3
1849	9	8.5
1849	10	12.2
1849	11	12.8
1849	12	15.3
1850	1	16
1850	2	15.7
1850	3	16.4
1850	4	12.9
1850	5	10.6
1850	6	8.6
1850	7	6.3
1850	8	7.6
1850	10	13.1
1850	11	13.6
1850	12	16.3
1851	1	16.9
1851	2	17.2
1851	3	14.6
1851	4	13.8
1851	5	10.1
1851	6	8.8
1851	7	7.8
1851	8	10.7
1851	9	11.7
1851	10	14.2
1851	11	13.8
1851	12	13.8
1852	1	16.1
1852	2	17.6
1852	3	16.1
1852	4	12.8
1852	5	9.4
1852	6	7.3
1852	7	7.1
1852	8	7.8
1852	9	10.7
1852	10	11.7
1852	11	14.2
1852	12	13.8
1853	1	15.4
1853	2	15.1
1853	3	13.7
1853	4	12.7
1853	5	9.5
1853	6	6.6
1853	7	7.1
1853	8	8.6
1853	9	9
1853	10	11.2
1853	11	13.8
1853	12	16.9
1854	1	18.1
1854	2	17.3
1854	3	13.4
1854	4	13.4
1854	5	9.6
1854	6	6.9
1854	7	7
1854	8	8.8
1854	9	8.9
1854	10	12.5
1854	11	12.9
1854	12	16.3
1856	1	17.9
1856	2	18.2
1856	3	17.6
1856	4	14.2
1856	5	10.9
1856	6	9.7
1856	7	8.1
1856	8	9.8
1856	9	11.9
1856	10	12.2
1856	11	13.8
1856	12	15
1857	1	19.55
1857	2	23.1
1857	3	17.75
1857	4	15.9
1857	5	11.8
1857	6	10.65
1857	7	10.1
1857	8	10.95
1857	9	12.2
1857	10	13.8
1857	11	16.2
1857	12	20.5
1858	1	22.55
1858	2	20.4
1858	3	19.45
1858	4	15.25
1858	5	12.4
1858	6	10.75
1858	7	9.3
1858	8	10.65
1858	9	11.6
1858	10	14.8
1858	11	17.85
1858	12	19.2
1859	1	22.6
1859	2	21.75
1859	3	20.2
1859	4	17.5
1859	5	14.15
1859	6	11.35
1859	7	10.75
1859	8	12.8
1859	9	13.75
1859	10	18.3
1859	11	19.4
1859	12	21.85
1860	1	24.0666666666667
1860	2	22.3
1860	3	20.4666666666667
1860	4	16.9666666666667
1860	5	12.9666666666667
1860	6	10.7
1860	7	10.6333333333333
1860	8	11.9666666666667
1860	9	14.4333333333333
1860	10	15.8666666666667
1860	11	18.3666666666667
1860	12	20.9333333333333
1861	1	21.65
1861	2	21.375
1861	3	20.2
1861	4	16.875
1861	5	11.65
1861	6	10.825
1861	7	9.15
1861	8	10.8
1861	9	13.1
1861	10	15.125
1861	11	18.1
1861	12	20.325
1862	1	22.8
1862	2	21.125
1862	3	20.375
1862	4	16.225
1862	5	13.025
1862	6	10.525
1862	7	9.725
1862	8	9.85
1862	9	12.975
1862	10	15.375
1862	11	18.325
1862	12	20.4
1863	1	21.325
1863	2	21.275
1863	3	18.875
1863	4	16.4
1863	5	12.05
1863	6	9.8
1863	7	8.925
1863	8	10.225
1863	9	12.35
1863	10	15.3
1863	11	18.15
1863	12	20.675
1864	1	18.45
1864	2	18.2625
1864	3	16.6625
1864	4	14.9875
1864	5	11.8
1864	6	9.4375
1864	7	9.275
1864	8	9.1375
1864	9	12.05
1864	10	13.6375
1864	11	16.1125
1864	12	18.35
1865	1	18.47
1865	2	18.89
1865	3	17.49
1865	4	15.19
1865	5	11.21
1865	6	9.82
1865	7	8.68
1865	8	9.47
1865	9	11.7
1865	10	13.07
1865	11	15.94
1865	12	17.22
1866	1	18.74
1866	2	18.85
1866	3	16.77
1866	4	14.53
1866	5	12.12
1866	6	9.51
1866	7	8.66
1866	8	9.84
1866	9	11.76
1866	10	13.79
1866	11	15.15
1866	12	17.9444444444444
1867	1	19.13
1867	2	19.3777777777778
1867	3	16.79
1867	4	14.8111111111111
1867	5	11.67
1867	6	9.2
1867	7	9.06
1867	8	9.04444444444444
1867	9	11.3222222222222
1867	10	13.7666666666667
1867	11	15.4222222222222
1867	12	17.8111111111111
1868	1	17.8888888888889
1868	2	17.6444444444444
1868	3	16.6666666666667
1868	4	14.2
1868	5	11.76
1868	6	9.25
1868	7	8.3
1868	8	9.15
1868	9	10.98
1868	10	13.34
1868	11	15.33
1868	12	17.0444444444444
1869	1	18.6777777777778
1869	2	18.1444444444444
1869	3	16.6888888888889
1869	4	14.18
1869	5	10.68
1869	6	9.13
1869	7	7.88
1869	8	9.82
1869	9	11.27
1869	10	12.95
1869	11	15.41
1869	12	18.07
1870	1	18.5727272727273
1870	2	18.8272727272727
1870	3	16.4363636363636
1870	4	13.7181818181818
1870	5	11.1454545454545
1870	6	9.68181818181818
1870	7	8.44545454545455
1870	8	8.65454545454545
1870	9	11.0272727272727
1870	10	13.8181818181818
1870	11	15.3454545454545
1870	12	16.4181818181818
1871	1	18.4545454545455
1871	2	17.9545454545455
1871	3	16.4454545454545
1871	4	13.9181818181818
1871	5	11.3818181818182
1871	6	9.2
1871	7	8.65454545454545
1871	8	9.73636363636364
1871	9	10.6
1871	10	12.7727272727273
1871	11	14.5909090909091
1871	12	17.4363636363636
1872	1	19.3727272727273
1872	2	18.4
1872	3	16.9363636363636
1872	4	14.0727272727273
1872	5	11.2545454545455
1872	6	9.15454545454545
1872	7	8.67272727272727
1872	8	8.67272727272727
1872	9	11.5181818181818
1872	10	13.3818181818182
1872	11	16.0727272727273
1872	12	18.0090909090909
1873	1	18.5333333333333
1873	2	18.525
1873	3	16.9583333333333
1873	4	14.3333333333333
1873	5	12.6166666666667
1873	6	10.7083333333333
1873	7	8.4
1873	8	10.4833333333333
1873	9	12.05
1873	10	14.2090909090909
1873	11	15.1545454545455
1873	12	18.2636363636364
1874	1	18.9166666666667
1874	2	18.4666666666667
1874	3	16.7083333333333
1874	4	14.725
1874	5	11.2416666666667
1874	6	8.84545454545455
1874	7	8.7
1874	8	9.95833333333333
1874	9	10.825
1874	10	13.6083333333333
1874	11	15.4666666666667
1874	12	17.6333333333333
1875	1	19.2416666666667
1875	2	18.95
1875	3	17.0833333333333
1875	4	15.025
1875	5	11.375
1875	6	8.96666666666667
1875	7	8.85833333333333
1875	8	9.51666666666667
1875	9	11.35
1875	10	13.5083333333333
1875	11	15.1
1875	12	17.5166666666667
1876	1	18.9818181818182
1876	2	18.85
1876	3	17.73
1876	4	14.9727272727273
1876	5	12.0727272727273
1876	6	9.10909090909091
1876	7	9.12727272727273
1876	8	9.8
1876	9	12.2090909090909
1876	10	14.09
1876	11	15.5
1876	12	18.4090909090909
1877	1	19.8818181818182
1877	2	19.5454545454545
1877	3	17.975
1877	4	14.4666666666667
1877	5	11.3416666666667
1877	6	10.1615384615385
1877	7	9.69166666666667
1877	8	11.0076923076923
1877	9	11.8461538461538
1877	10	14.2923076923077
1877	11	16.2230769230769
1877	12	18.0461538461538
1878	1	18.2071428571429
1878	2	18.1285714285714
1878	3	17.6
1878	4	15.3285714285714
1878	5	11.6
1878	6	9.32857142857143
1878	7	9.15714285714286
1878	8	9.76923076923077
1878	9	12.7857142857143
1878	10	14.1428571428571
1878	11	16.0928571428571
1878	12	17.6928571428571
1879	1	19.76
1879	2	19.0333333333333
1879	3	17.8
1879	4	15.14
1879	5	12.44
1879	6	9.75333333333333
1879	7	9.34666666666667
1879	8	10.4333333333333
1879	9	12.9933333333333
1879	10	14.6928571428571
1879	11	16.56
1879	12	17.9357142857143
1880	1	19.85
1880	2	20.38125
1880	3	18.54375
1880	4	15.95
1880	5	12.84375
1880	6	10.53125
1880	7	9.7125
1880	8	11.5375
1880	9	12.925
1880	10	14.3375
1880	11	17.23125
1880	12	18.925
1881	1	19.5875
1881	2	20.0875
1881	3	18.50625
1881	4	15.68125
1881	5	13.2125
1881	6	9.85625
1881	7	9.35
1881	8	10.70625
1881	9	13.10625
1881	10	14.8875
1881	11	17.0625
1881	12	19.7625
1882	1	20.06
1882	2	19.6625
1882	3	18.6125
1882	4	15.3125
1882	5	12.50625
1882	6	9.61875
1882	7	9.08125
1882	8	10.80625
1882	9	13.275
1882	10	14.99375
1882	11	16.8
1882	12	19
1883	1	19.7533333333333
1883	2	19.6
1883	3	18.0133333333333
1883	4	15.0333333333333
1883	5	12.28
1883	6	10.6785714285714
1883	7	9.22666666666667
1883	8	10.54
1883	9	11.8866666666667
1883	10	14.3266666666667
1883	11	15.8733333333333
1883	12	17.9266666666667
1884	1	18.4066666666667
1884	2	18.84
1884	3	17.5666666666667
1884	4	14.9333333333333
1884	5	11.2866666666667
1884	6	10.0866666666667
1884	7	8.96666666666667
1884	8	11.4933333333333
1884	9	12.6466666666667
1884	10	13.9733333333333
1884	11	16.2214285714286
1884	12	18.2
1885	1	19.3411764705882
1885	2	19.6470588235294
1885	3	17.4166666666667
1885	4	14.8666666666667
1885	5	12.9277777777778
1885	6	10.6833333333333
1885	7	10
1885	8	11.5111111111111
1885	9	13.4111111111111
1885	10	15.3944444444444
1885	11	17.1833333333333
1885	12	18.9888888888889
1886	1	20.1666666666667
1886	2	19.7611111111111
1886	3	18.15
1886	4	16.1470588235294
1886	5	12.9
1886	6	10.1666666666667
1886	7	9.76666666666667
1886	8	10.6777777777778
1886	9	13.4388888888889
1886	10	14.6277777777778
1886	11	17.1388888888889
1886	12	17.9
1887	1	20.8555555555556
1887	2	19.9157894736842
1887	3	18.8526315789474
1887	4	16.2473684210526
1887	5	12.5368421052632
1887	6	10.8421052631579
1887	7	10.3947368421053
1887	8	11.2631578947368
1887	9	12.7736842105263
1887	10	15.0105263157895
1887	11	16.1368421052632
1887	12	18.5842105263158
1888	1	19.34
1888	2	19
1888	3	17.31
1888	4	15.465
1888	5	12.405
1888	6	11.04
1888	7	10.015
1888	8	11.21
1888	9	13.045
1888	10	15.11
1888	11	16.7
1888	12	18.5
1889	1	20.145
1889	2	19.745
1889	3	18.35
1889	4	15.93
1889	5	13.405
1889	6	10.545
1889	7	9.715
1889	8	10.65
1889	9	12.75
1889	10	15.25
1889	11	16.785
1889	12	19.115
1890	1	19.62
1890	2	19.55
1890	3	18.275
1890	4	15.715
1890	5	12.445
1890	6	11.445
1890	7	9.66
1890	8	10.9
1890	9	13.43
1890	10	15.14
1890	11	16.385
1890	12	18.43
1891	1	19.3714285714286
1891	2	19.1904761904762
1891	3	18.4666666666667
1891	4	15.7857142857143
1891	5	13.3571428571429
1891	6	10.4761904761905
1891	7	9.85714285714286
1891	8	10.89
1891	9	12.9714285714286
1891	10	15.0095238095238
1891	11	17.0428571428571
1891	12	18.465
1892	1	20.2333333333333
1892	2	20.1904761904762
1892	3	19.3285714285714
1892	4	15.9809523809524
1892	5	13.2
1892	6	11.1428571428571
1892	7	10.4
1892	8	11.8952380952381
1892	9	13.2333333333333
1892	10	15.3142857142857
1892	11	18.2523809523810
1892	12	18.8571428571429
1893	1	20.0095238095238
1893	2	19.7590909090909
1893	3	18.7782608695652
1893	4	16.1434782608696
1893	5	13.6521739130435
1893	6	10.9913043478261
1893	7	10.9956521739130
1893	8	12
1893	9	13.4391304347826
1893	10	15.8478260869565
1893	11	17.9260869565217
1893	12	19.2608695652174
1894	1	20.4958333333333
1894	2	19.9
1894	3	18.8833333333333
1894	4	15.8041666666667
1894	5	12.8291666666667
1894	6	11.1791666666667
1894	7	10.3416666666667
1894	8	11.6333333333333
1894	9	12.7375
1894	10	15.9708333333333
1894	11	17.9833333333333
1894	12	19.3416666666667
1895	1	20.0041666666667
1895	2	20.0416666666667
1895	3	18.5791666666667
1895	4	15.6958333333333
1895	5	12.9875
1895	6	11.25
1895	7	9.72916666666667
1895	8	11.8166666666667
1895	9	13.3791666666667
1895	10	15.8458333333333
1895	11	17.3
1895	12	19.925
1896	1	20.672
1896	2	20.3
1896	3	18.928
1896	4	16.092
1896	5	13.136
1896	6	11.036
1896	7	10.588
1896	8	11.736
1896	9	13.684
1896	10	15.828
1896	11	17.216
1896	12	20.108
1897	1	20.2464285714286
1897	2	20.4857142857143
1897	3	18.6535714285714
1897	4	16.9185185185185
1897	5	13.4740740740741
1897	6	11.3107142857143
1897	7	10.6142857142857
1897	8	11.2071428571429
1897	9	13.4857142857143
1897	10	15.7888888888889
1897	11	17.9185185185185
1897	12	19.7074074074074
1898	1	20.8214285714286
1898	2	20.2678571428571
1898	3	18.6678571428571
1898	4	15.9607142857143
1898	5	12.4392857142857
1898	6	11.2857142857143
1898	7	10.325
1898	8	11.325
1898	9	13.6178571428571
1898	10	15.2857142857143
1898	11	17.4964285714286
1898	12	19.7464285714286
1899	1	19.9285714285714
1899	2	20.5535714285714
1899	3	19.3357142857143
1899	4	16.4571428571429
1899	5	12.8928571428571
1899	6	10.7857142857143
1899	7	10.1107142857143
1899	8	11.6321428571429
1899	9	13.9785714285714
1899	10	15.0535714285714
1899	11	17.1857142857143
1899	12	19.6357142857143
1900	1	20.4172413793103
1900	2	20.4413793103448
1900	3	18.9448275862069
1900	4	16.5379310344828
1900	5	13.4793103448276
1900	6	11.3586206896552
1900	7	10.5448275862069
1900	8	11.4517241379310
1900	9	13.4068965517241
1900	10	15.7896551724138
1900	11	17.6827586206897
1900	12	19.3724137931034
1901	1	20.0818181818182
1901	2	20.2636363636364
1901	3	18.1606060606061
1901	4	15.9515151515152
1901	5	13.2818181818182
1901	6	11.1272727272727
1901	7	9.58125
1901	8	11.0709677419355
1901	9	13.628125
1901	10	15.321875
1901	11	17.534375
1901	12	19.4375
1902	1	19.909375
1902	2	20.296875
1902	3	18.5125
1902	4	16.09375
1902	5	13.3161290322581
1902	6	10.9612903225806
1902	7	10.0516129032258
1902	8	10.2
1902	9	12.5625
1902	10	14.9875
1902	11	17.228125
1902	12	18.74375
1903	1	19.6
1903	2	19.8451612903226
1903	3	18.3580645161290
1903	4	14.63125
1903	5	11.8375
1903	6	9.56060606060606
1903	7	9.26363636363636
1903	8	10.1575757575758
1903	9	12.4696969696970
1903	10	14.4242424242424
1903	11	16.6272727272727
1903	12	18.5727272727273
1904	1	19.8285714285714
1904	2	19.0657142857143
1904	3	17.7428571428571
1904	4	15.8914285714286
1904	5	12.4771428571429
1904	6	10.1828571428571
1904	7	9.7
1904	8	10.4885714285714
1904	9	12.8714285714286
1904	10	14.4685714285714
1904	11	16.8114285714286
1904	12	18.2885714285714
1905	1	19.6142857142857
1905	2	19.1371428571429
1905	3	18.1771428571429
1905	4	15.58
1905	5	12.4685714285714
1905	6	9.79117647058824
1905	7	9.1
1905	8	10.3529411764706
1905	9	12.3382352941176
1905	10	14.3588235294118
1905	11	16.9058823529412
1905	12	18.6117647058824
1906	1	20.1457142857143
1906	2	19.9942857142857
1906	3	18.0171428571429
1906	4	15.8
1906	5	12.9742857142857
1906	6	10.18
1906	7	9.60285714285714
1906	8	10.5514285714286
1906	9	12.5771428571429
1906	10	15.2441176470588
1906	11	16.7057142857143
1906	12	18.5028571428571
1907	1	19.7314285714286
1907	2	19.9142857142857
1907	3	18.0970588235294
1907	4	15.2794117647059
1907	5	11.9176470588235
1907	6	9.54285714285714
1907	7	9.32
1907	8	10.3117647058824
1907	9	12.6090909090909
1907	10	14.5848484848485
1907	11	16.9363636363636
1907	12	18.7878787878788
1908	1	20.4787878787879
1908	2	19.7969696969697
1908	3	18.0393939393939
1908	4	14.7424242424242
1908	5	12.3818181818182
1908	6	9.73030303030303
1908	7	8.96969696969697
1908	8	9.76363636363636
1908	9	12.4060606060606
1908	10	14.5212121212121
1908	11	17.0727272727273
1908	12	19.0363636363636
1909	1	19.9485714285714
1909	2	19.3971428571429
1909	3	18.44
1909	4	15.4428571428571
1909	5	12.0428571428571
1909	6	10.2166666666667
1909	7	9.29444444444444
1909	8	11.0388888888889
1909	9	12.6666666666667
1909	10	15.0722222222222
1909	11	16.8828571428571
1909	12	18.5166666666667
1910	1	20.3447368421053
1910	2	20.2842105263158
1910	3	18.4447368421053
1910	4	15.9894736842105
1910	5	13.1162162162162
1910	6	10.7512820512821
1910	7	9.46315789473684
1910	8	11.25
1910	9	13.0842105263158
1910	10	14.7868421052632
1910	11	17.2394736842105
1910	12	18.7815789473684
1911	1	19.8567567567568
1911	2	19.4432432432432
1911	3	18.0837837837838
1911	4	15.2621621621622
1911	5	12.5513513513514
1911	6	9.51666666666667
1911	7	9.21351351351351
1911	8	10.4702702702703
1911	9	12.7026315789474
1911	10	14.9921052631579
1911	11	17.7078947368421
1911	12	18.9289473684211
1912	1	20.2897435897436
1912	2	20.5102564102564
1912	3	18.6717948717949
1912	4	15.5128205128205
1912	5	12.3153846153846
1912	6	10.3794871794872
1912	7	9.5076923076923
1912	8	10.8282051282051
1912	9	13.0948717948718
1912	10	15.5230769230769
1912	11	17.2589743589744
1912	12	19.6
1913	1	20.465
1913	2	20.4225
1913	3	18.385
1913	4	16.3
1913	5	12.4075
1913	6	10.24
1913	7	10.6487179487179
1913	8	11.3675
1913	9	13.4275
1913	10	15.845
1913	11	17.6
1913	12	19.69
1914	1	21.07
1914	2	20.7625
1914	3	18.9641025641026
1914	4	16.0666666666667
1914	5	12.9256410256410
1914	6	10.7769230769231
1914	7	10.0487179487179
1914	8	11.3538461538462
1914	9	13.3375
1914	10	15.9435897435897
1914	11	17.8325
1914	12	19.4692307692308
1915	1	20.755
1915	2	21.2425
1915	3	18.7725
1915	4	16.1425
1915	5	13.01
1915	6	10.465
1915	7	10.5725
1915	8	11.565
1915	9	13.8975
1915	10	15.705
1915	11	17.8
1915	12	19.7925
1916	1	20.6871794871795
1916	2	20.5769230769231
1916	3	18.9282051282051
1916	4	16.1307692307692
1916	5	13.1692307692308
1916	6	10.4641025641026
1916	7	9.95128205128205
1916	8	11.0921052631579
1916	9	13.6384615384615
1916	10	15.3230769230769
1916	11	17.2307692307692
1916	12	19.3974358974359
1917	1	20.7358974358974
1917	2	19.8076923076923
1917	3	18.4684210526316
1917	4	15.5769230769231
1917	5	12.3564102564103
1917	6	10.6538461538462
1917	7	10.2923076923077
1917	8	10.6179487179487
1917	9	13.3974358974359
1917	10	15.4589743589744
1917	11	17.1657894736842
1917	12	19.6783783783784
1918	1	20.3868421052632
1918	2	20.3473684210526
1918	3	18.5447368421053
1918	4	16.3052631578947
1918	5	12.9210526315789
1918	6	10.9
1918	7	9.44473684210526
1918	8	11.1631578947368
1918	9	13.2473684210526
1918	10	15.6947368421053
1918	11	17.5815789473684
1918	12	19.5394736842105
1919	1	20.5552631578947
1919	2	20.7421052631579
1919	3	18.8026315789474
1919	4	16.5864864864865
1919	5	13.6736842105263
1919	6	11.1973684210526
1919	7	10.3810810810811
1919	8	11.1777777777778
1919	9	12.8135135135135
1919	10	15.5243243243243
1919	11	17.3675675675676
1919	12	19.8552631578947
1920	1	20.3256410256410
1920	2	20.3846153846154
1920	3	18.6153846153846
1920	4	16.4256410256410
1920	5	12.8051282051282
1920	6	10.6410256410256
1920	7	10.1384615384615
1920	8	11.0564102564103
1920	9	13.0871794871795
1920	10	15.4435897435897
1920	11	17.7763157894737
1920	12	19.4794871794872
1921	1	20.4794871794872
1921	2	20.7102564102564
1921	3	18.7435897435897
1921	4	16.1435897435897
1921	5	13.8641025641026
1921	6	11.0179487179487
1921	7	10.4076923076923
1921	8	10.8205128205128
1921	9	13.6102564102564
1921	10	15.3076923076923
1921	11	17.8307692307692
1921	12	19.4538461538462
1922	1	20.3925
1922	2	20.82
1922	3	18.745
1922	4	16.8153846153846
1922	5	12.9564102564103
1922	6	10.2625
1922	7	10.5475
1922	8	11.1425
1922	9	13.6075
1922	10	15.7975
1922	11	18
1922	12	19.71
1923	1	20.4282051282051
1923	2	20.8769230769231
1923	3	19.3410256410256
1923	4	16.4487179487179
1923	5	13.3205128205128
1923	6	10.8205128205128
1923	7	9.55897435897436
1923	8	10.8512820512821
1923	9	13.2447368421053
1923	10	15.3512820512821
1923	11	17.5410256410256
1923	12	19.9179487179487
1924	1	20.0625
1924	2	19.98
1924	3	18.675
1924	4	15.6075
1924	5	12.59
1924	6	10.4525
1924	7	9.9475
1924	8	11.015
1924	9	13.3230769230769
1924	10	15.565
1924	11	17.13
1924	12	18.9
1925	1	20.1025
1925	2	20.5475
1925	3	18.785
1925	4	16.2205128205128
1925	5	12.82
1925	6	10.25
1925	7	9.615
1925	8	11.2675
1925	9	12.6275
1925	10	15.175
1925	11	17.5564102564103
1925	12	19.9125
1926	1	20.8658536585366
1926	2	21.1146341463415
1926	3	19.3341463414634
1926	4	16.5317073170732
1926	5	12.63
1926	6	10.9829268292683
1926	7	10.3414634146341
1926	8	11.5512195121951
1926	9	13.4
1926	10	15.7
1926	11	17.4780487804878
1926	12	19.1097560975610
1927	1	20.7809523809524
1927	2	20.4714285714286
1927	3	18.8809523809524
1927	4	16.0809523809524
1927	5	12.7738095238095
1927	6	10.1902439024390
1927	7	10.1878048780488
1927	8	11.0073170731707
1927	9	13.4365853658537
1927	10	15.6975
1927	11	17.9731707317073
1927	12	19.2825
1928	1	20.4658536585366
1928	2	20.3926829268293
1928	3	19.4317073170732
1928	4	16.9804878048780
1928	5	12.7414634146341
1928	6	10.185
1928	7	10.4307692307692
1928	8	11.585
1928	9	13.3717948717949
1928	10	15.31
1928	11	17.79
1928	12	19.6975609756098
1929	1	21.1441860465116
1929	2	21.1511627906977
1929	3	18.6883720930233
1929	4	16.0883720930233
1929	5	12.8255813953488
1929	6	10.5953488372093
1929	7	9.69302325581395
1929	8	10.9883720930233
1929	9	13.1857142857143
1929	10	15.6
1929	11	17.8
1929	12	19.3590909090909
1930	1	20.4318181818182
1930	2	21.0431818181818
1930	3	19.3090909090909
1930	4	16.2311111111111
1930	5	13.4866666666667
1930	6	11.4888888888889
1930	7	10.4333333333333
1930	8	11.1977777777778
1930	9	13.1386363636364
1930	10	15.5822222222222
1930	11	17.625
1930	12	19.6295454545455
1931	1	20.8439393939394
1931	2	20.7538461538462
1931	3	18.890625
1931	4	15.5046875
1931	5	12.1424242424242
1931	6	9.91384615384615
1931	7	9.7523076923077
1931	8	11.0384615384615
1931	9	12.5818181818182
1931	10	16.0865671641791
1931	11	17.3820895522388
1931	12	20.3910447761194
1932	1	21.7835820895522
1932	2	20.6671641791045
1932	3	19.5294117647059
1932	4	16.5838235294118
1932	5	12.7147058823529
1932	6	10.3073529411765
1932	7	10.5602941176471
1932	8	10.8367647058824
1932	9	13.6132352941176
1932	10	15.9294117647059
1932	11	18.6776119402985
1932	12	19.8676923076923
1933	1	21.0405797101449
1933	2	21.0314285714286
1933	3	19.3128571428571
1933	4	16.57
1933	5	13.56
1933	6	10.6457142857143
1933	7	9.40142857142857
1933	8	11.4171428571429
1933	9	13.6771428571429
1933	10	16.6802816901408
1933	11	18.0671428571429
1933	12	19.9845070422535
1934	1	21.7671428571429
1934	2	20.4657142857143
1934	3	19.7422535211268
1934	4	15.6943661971831
1934	5	13.4057142857143
1934	6	10.8614285714286
1934	7	10.2657142857143
1934	8	11.6985507246377
1934	9	13.468115942029
1934	10	15.4529411764706
1934	11	17.9042857142857
1934	12	20.0084507042254
1935	1	21.3873239436620
1935	2	21.1070422535211
1935	3	19.8295774647887
1935	4	15.8225352112676
1935	5	13.6295774647887
1935	6	10.8380281690141
1935	7	9.78428571428571
1935	8	11.3202898550725
1935	9	12.5814285714286
1935	10	15.2788732394366
1935	11	18.2676056338028
1935	12	20.39
1936	1	21.4542857142857
1936	2	20.6943661971831
1936	3	19.3859154929577
1936	4	16.22
1936	5	12.7942857142857
1936	6	10.3814285714286
1936	7	10.5101449275362
1936	8	11.2957746478873
1936	9	13.4
1936	10	16.1577464788732
1936	11	18.06
1936	12	20.2623188405797
1937	1	21.0185714285714
1937	2	21.2371428571429
1937	3	19.3171428571429
1937	4	16.0642857142857
1937	5	13.0342857142857
1937	6	10.9442857142857
1937	7	9.77142857142857
1937	8	11.7857142857143
1937	9	13.5202898550725
1937	10	16.0014285714286
1937	11	18.7614285714286
1937	12	20.6285714285714
1938	1	20.9594202898551
1938	2	20.7428571428571
1938	3	19.4
1938	4	16.1130434782609
1938	5	13.7128571428571
1938	6	10.6985714285714
1938	7	10.0217391304348
1938	8	10.6188405797101
1938	9	13.74
1938	10	16.5514285714286
1938	11	18.6157142857143
1938	12	20.5913043478261
1939	1	21.6857142857143
1939	2	20.7304347826087
1939	3	18.8197183098592
1939	4	15.5861111111111
1939	5	13.6123287671233
1939	6	11.3369863013699
1939	7	9.95479452054795
1939	8	11.7270270270270
1939	9	12.9479452054795
1939	10	15.8465753424658
1939	11	17.2904109589041
1939	12	19.3621621621622
1940	1	21.1881578947368
1940	2	20.6358974358974
1940	3	19.5493670886076
1940	4	15.8888888888889
1940	5	13.3392405063291
1940	6	11.3949367088608
1940	7	11.0740740740741
1940	8	11.5607594936709
1940	9	13.73875
1940	10	15.7725
1940	11	17.7974683544304
1940	12	20.7234567901235
1941	1	21.2552941176471
1941	2	20.4270588235294
1941	3	18.8129411764706
1941	4	16.2666666666667
1941	5	13.3156626506024
1941	6	11.1776470588235
1941	7	11.1511627906977
1941	8	11.9411764705882
1941	9	12.8590909090909
1941	10	16.3287356321839
1941	11	18.1404494382022
1941	12	20.4977528089888
1942	1	21.8528735632184
1942	2	21.2606741573034
1942	3	19.23
1942	4	16.4123595505618
1942	5	13.0677777777778
1942	6	10.3933333333333
1942	7	9.89555555555556
1942	8	12.0123595505618
1942	9	13.9010989010989
1942	10	16.0355555555556
1942	11	18.8522727272727
1942	12	20.7873563218391
1943	1	21.6824175824176
1943	2	21.4967741935484
1943	3	19.5195652173913
1943	4	16.2117021276596
1943	5	13.3726315789474
1943	6	10.8829787234043
1943	7	10.7880434782609
1943	8	10.1438202247191
1943	9	13.7111111111111
1943	10	16.4752688172043
1943	11	17.8695652173913
1943	12	20.4450549450549
1944	1	21.2633333333333
1944	2	21.0161290322581
1944	3	18.9815217391304
1944	4	15.8849462365591
1944	5	12.7340425531915
1944	6	10.5797872340426
1944	7	10.6072164948454
1944	8	11.6096774193548
1944	9	14.2755319148936
1944	10	16.3086021505376
1944	11	18.3340425531915
1944	12	20.3978260869565
1945	1	21.3440860215054
1945	2	20.7670212765957
1945	3	18.59375
1945	4	16.425
1945	5	12.9427083333333
1945	6	10.3393617021277
1945	7	9.43854166666667
1945	8	11.9520833333333
1945	9	13.3791666666667
1945	10	15.7030927835052
1945	11	17.7278350515464
1945	12	19.7122448979592
1946	1	20.8690721649485
1946	2	20.7855670103093
1946	3	18.5131313131313
1946	4	15.9762886597938
1946	5	13.2865979381443
1946	6	9.9826530612245
1946	7	10.1833333333333
1946	8	11.3010526315789
1946	9	13.4712765957447
1946	10	15.0389473684211
1946	11	18.0639175257732
1946	12	19.6604166666667
1947	1	20.85625
1947	2	21.1051546391753
1947	3	18.9197916666667
1947	4	15.7166666666667
1947	5	13.2111111111111
1947	6	11.1112244897959
1947	7	9.31530612244898
1947	8	10.6737373737374
1947	9	12.7757575757576
1947	10	15.3939393939394
1947	11	17.9377551020408
1947	12	19.3520408163265
1948	1	20.7262626262626
1948	2	20.517
1948	3	18.0469387755102
1948	4	15.2911764705882
1948	5	12.7088235294118
1948	6	10.6049019607843
1948	7	9.395
1948	8	10.4158415841584
1948	9	13.2754901960784
1948	10	15.1343434343434
1948	11	17.035
1948	12	20.010101010101
1949	1	20.817
1949	2	20.1205882352941
1949	3	18.679
1949	4	15.7
1949	5	12.8969696969697
1949	6	10.6373737373737
1949	7	10.19
1949	8	11.1888888888889
1949	9	13.1303030303030
1949	10	15.4019801980198
1949	11	18.0171717171717
1949	12	19.8693877551020
1950	1	20.7378947368421
1950	2	20.4268817204301
1950	3	19.0148936170213
1950	4	16.2224489795918
1950	5	13.3884210526316
1950	6	10.9572916666667
1950	7	10.4684210526316
1950	8	11.2144329896907
1950	9	13.0969387755102
1950	10	15.2587628865979
1950	11	17.3814432989691
1950	12	19.9239583333333
1951	1	20.8992424242424
1951	2	20.4007633587786
1951	3	19.39
1951	4	15.5053846153846
1951	5	13.5503759398496
1951	6	11.2874074074074
1951	7	10.5580882352941
1951	8	11.3362962962963
1951	9	13.5604316546763
1951	10	15.8422222222222
1951	11	18.2753623188406
1951	12	20.0619718309859
1952	1	21.8496350364964
1952	2	21.0814814814815
1952	3	19.7094202898551
1952	4	15.8964028776978
1952	5	13.165
1952	6	9.88041958041958
1952	7	10.2239436619718
1952	8	11.3757142857143
1952	9	13.4090277777778
1952	10	15.66
1952	11	17.5438356164384
1952	12	19.7769230769231
1953	1	20.963698630137
1953	2	20.8406896551724
1953	3	19.4810810810811
1953	4	15.9375838926175
1953	5	13.2046357615894
1953	6	10.5366013071895
1953	7	9.12402597402597
1953	8	11.7790849673203
1953	9	13.996
1953	10	15.2298013245033
1953	11	18.1086666666667
1953	12	20.3102040816327
1954	1	20.9853333333333
1954	2	20.8428571428571
1954	3	19.4355704697987
1954	4	16.0716216216216
1954	5	12.5871621621622
1954	6	10.3675496688742
1954	7	9.64527027027027
1954	8	11.2466216216216
1954	9	12.7876712328767
1954	10	15.5952054794521
1954	11	18.4944055944056
1954	12	20.3206896551724
1955	1	21.7713333333333
1955	2	20.9422818791946
1955	3	18.8155844155844
1955	4	16.0398692810458
1955	5	12.5403973509934
1955	6	10.3768211920530
1955	7	9.09735099337748
1955	8	11.0688741721854
1955	9	13.2781456953642
1955	10	15.2834437086093
1955	11	18.2013333333333
1955	12	19.7083333333333
1956	1	20.6598726114650
1956	2	20.7467948717949
1956	3	19.2167741935484
1956	4	15.7337579617834
1956	5	12.0229299363057
1956	6	10.4641025641026
1956	7	10.3352941176471
1956	8	10.9690322580645
1956	9	13.0506578947368
1956	10	15.5897435897436
1956	11	17.9161290322581
1956	12	19.7732026143791
1957	1	21.3461538461538
1957	2	20.4542483660131
1957	3	19.6310126582278
1957	4	16.0262820512821
1957	5	14.0253164556962
1957	6	10.9388535031847
1957	7	9.31794871794872
1957	8	11.3389610389610
1957	9	12.940522875817
1957	10	15.8245161290323
1957	11	18.2922580645161
1957	12	20.3251612903226
1958	1	21.0058441558442
1958	2	20.8548387096774
1958	3	19.3557692307692
1958	4	16.4
1958	5	13.2624203821656
1958	6	10.9113207547170
1958	7	11.3968354430380
1958	8	10.7911392405063
1958	9	13.0402515723270
1958	10	16.0987421383648
1958	11	18.4312101910828
1958	12	19.4738853503185
1959	1	20.9109090909091
1959	2	20.9652694610778
1959	3	19.1963414634146
1959	4	15.5810975609756
1959	5	12.3231707317073
1959	6	10.7703703703704
1959	7	10.7325
1959	8	11.1271604938272
1959	9	13.4617283950617
1959	10	15.5294478527607
1959	11	18.2962962962963
1959	12	19.6610062893082
1960	1	21.7771084337349
1960	2	21.2160714285714
1960	3	19.2619047619048
1960	4	15.8898809523810
1960	5	12.3916666666667
1960	6	10.7029411764706
1960	7	10.0722891566265
1960	8	11.3245508982036
1960	9	13.7
1960	10	16.3315476190476
1960	11	17.9644970414201
1960	12	20.3159763313609
1961	1	21.4847457627119
1961	2	21.0436464088398
1961	3	19.2203296703297
1961	4	16.1675977653631
1961	5	13.5855555555556
1961	6	10.7398876404494
1961	7	10.4285714285714
1961	8	12.1272222222222
1961	9	13.7325966850829
1961	10	16.8338888888889
1961	11	18.7307692307692
1961	12	20.4910614525140
1962	1	21.5497297297297
1962	2	21.0048913043478
1962	3	19.9581521739130
1962	4	16.19
1962	5	13.0424731182796
1962	6	11.2983783783784
1962	7	9.60218579234973
1962	8	11.6308108108108
1962	9	13.9336898395722
1962	10	16.0059459459459
1962	11	19.0747311827957
1962	12	20.6857142857143
1963	1	21.2436170212766
1963	2	21.2978723404255
1963	3	19.1134408602151
1963	4	16.3935483870968
1963	5	13.4
1963	6	10.9760638297872
1963	7	10.8736842105263
1963	8	11.4347368421053
1963	9	13.6542105263158
1963	10	16.0657894736842
1963	11	17.5402116402116
1963	12	20.1361702127660
1964	1	21.2436170212766
1964	2	20.7032085561497
1964	3	19.0154255319149
1964	4	16.1037234042553
1964	5	13.4952127659574
1964	6	9.87765957446809
1964	7	9.91276595744681
1964	8	10.9994680851064
1964	9	13.5545454545455
1964	10	15.2186170212766
1964	11	17.8497326203209
1964	12	19.5058823529412
1965	1	21.2534031413613
1965	2	21.4262032085561
1965	3	19.08125
1965	4	15.8411458333333
1965	5	12.9146596858639
1965	6	11.8788359788360
1965	7	9.84973544973545
1965	8	11.7131578947368
1965	9	13.7031746031746
1965	10	16.2434554973822
1965	11	18.2478947368421
1965	12	19.8867021276596
1966	1	21.3684210526316
1966	2	20.0811518324607
1966	3	19.2560209424084
1966	4	16.3921465968586
1966	5	13.1421052631579
1966	6	11.3531914893617
1966	7	10.1641711229947
1966	8	10.7457894736842
1966	9	12.9090425531915
1966	10	15.5242105263158
1966	11	18.3731578947368
1966	12	19.6629629629630
1967	1	21.0068421052632
1967	2	20.9164021164021
1967	3	18.8159574468085
1967	4	16.8068783068783
1967	5	14.2578947368421
1967	6	9.86178010471204
1967	7	10.1083333333333
1967	8	11.4722513089005
1967	9	13.6264550264550
1967	10	16.7502617801047
1967	11	18.4354497354497
1967	12	20.7157894736842
1968	1	21.5671957671958
1968	2	21.4215789473684
1968	3	19.3753926701571
1968	4	15.7864583333333
1968	5	12.5513089005236
1968	6	10.6395833333333
1968	7	10.8375
1968	8	11.6388601036269
1968	9	13.2869109947644
1968	10	15.8221052631579
1968	11	18.8565445026178
1968	12	19.91875
1969	1	21.7020942408377
1969	2	21.1361256544503
1969	3	19.3073298429319
1969	4	16.3692708333333
1969	5	13.4515463917526
1969	6	10.5582474226804
1969	7	10.7714285714286
1969	8	11.2416243654822
1969	9	13.4588832487310
1969	10	15.5362244897959
1969	11	18.1761421319797
1969	12	20.419689119171
1970	1	20.9937172774869
1970	2	21.3324742268041
1970	3	19.2931937172775
1970	4	17.1876288659794
1970	5	12.9484536082474
1970	6	10.7502590673575
1970	7	10.4362694300518
1970	8	11.1300518134715
1970	9	13.8174358974359
1970	10	15.6943877551020
1970	11	17.6507614213198
1970	12	20.0183673469388
1971	1	20.6241935483871
1971	2	20.5122994652406
1971	3	19.2497354497355
1971	4	15.5439790575916
1971	5	12.2947643979058
1971	6	9.69368421052632
1971	7	10.5705263157895
1971	8	11.2663157894737
1971	9	13.8778947368421
1971	10	15.7801047120419
1971	11	18.0026178010471
1971	12	20.0873684210526
1972	1	21.0494736842105
1972	2	20.7198952879581
1972	3	18.5560209424084
1972	4	15.8687830687831
1972	5	13.6285714285714
1972	6	10.8773684210526
1972	7	9.83507853403141
1972	8	10.6652406417112
1972	9	13.6248648648649
1972	10	15.4368983957219
1972	11	17.8362637362637
1972	12	20.7095238095238
1973	1	21.5930851063830
1973	2	20.8444444444444
1973	3	19.5381720430108
1973	4	16.1752688172043
1973	5	13.0815476190476
1973	6	10.6743169398907
1973	7	9.94338624338624
1973	8	10.9239361702128
1973	9	12.9384210526316
1973	10	15.9704301075269
1973	11	17.5340425531915
1973	12	19.8854054054054
1974	1	21.2026595744681
1974	2	20.1792553191489
1974	3	19.3112903225806
1974	4	16.0593582887701
1974	5	13.2338709677419
1974	6	10.3518716577540
1974	7	10.6492063492063
1974	8	10.7793650793651
1974	9	12.5015957446809
1974	10	15.4505263157895
1974	11	17.4984042553191
1974	12	19.5085106382979
1975	1	20.33375
1975	2	20.8789473684211
1975	3	18.6659574468085
1975	4	16.0208556149733
1975	5	13.2729729729730
1975	6	11.1661375661376
1975	7	9.84516129032258
1975	8	10.7037037037037
1975	9	13.5703703703704
1975	10	15.3378378378378
1975	11	17.6920212765957
1975	12	20.2887700534759
1976	1	20.6978835978836
1976	2	20.3194594594595
1976	3	18.2740740740741
1976	4	15.4826923076923
1976	5	12.8452229299363
1976	6	10.2433155080214
1976	7	9.73386243386243
1976	8	10.7687830687831
1976	9	12.9157894736842
1976	10	15.2610526315789
1976	11	17.6357894736842
1976	12	19.7770491803279
1977	1	21.18
1977	2	21.0494736842105
1977	3	19.1557894736842
1977	4	16.2515789473684
1977	5	12.7079787234043
1977	6	11.0384210526316
1977	7	10.3121693121693
1977	8	11.5158730158730
1977	9	13.5968421052632
1977	10	16.6299465240642
1977	11	18.0395604395604
1977	12	19.9796178343949
1978	1	20.9784210526316
1978	2	20.9142857142857
1978	3	19.5783068783069
1978	4	16.1968253968254
1978	5	13.2288043478261
1978	6	10.3121052631579
1978	7	10.7962765957447
1978	8	10.6743455497382
1978	9	13.5298429319372
1978	10	15.6942408376963
1978	11	18.1486772486772
1978	12	20.1515957446809
1979	1	21.9555555555556
1979	2	21.1206349206349
1979	3	19.2755319148936
1979	4	16.0280423280423
1979	5	12.7604278074866
1979	6	10.8096256684492
1979	7	10.7352941176471
1979	8	12.0881720430108
1979	9	12.9531914893617
1979	10	15.9315508021390
1979	11	18.0716577540107
1979	12	20.3983870967742
1980	1	21.4767195767196
1980	2	20.9919786096257
1980	3	20.2647058823529
1980	4	16.6951612903226
1980	5	14.0808510638298
1980	6	10.4146596858639
1980	7	9.74947368421053
1980	8	11.5989417989418
1980	9	13.5447916666667
1980	10	16.1604278074866
1980	11	17.9615789473684
1980	12	20.6134408602151
1981	1	21.4020408163265
1981	2	21.1928934010152
1981	3	18.9573604060914
1981	4	16.8949238578680
1981	5	14.1741116751269
1981	6	10.3151515151515
1981	7	10.2421319796954
1981	8	11.4167512690355
1981	9	13.2233502538071
1981	10	15.6
1981	11	17.9152284263959
1981	12	20.2436548223350
1982	1	21.5652849740933
1982	2	20.8030769230769
1982	3	19.2255102040816
1982	4	16.3578680203046
1982	5	13.8045685279188
1982	6	10.4294416243655
1982	7	9.93520408163265
1982	8	12.15
1982	9	13.9102040816327
1982	10	15.6235897435897
1982	11	18.1469387755102
1982	12	20.4260204081633
1983	1	21.4082051282051
1983	2	21.0758974358974
1983	3	19.3358974358974
1983	4	16.1282051282051
1983	5	13.2780612244898
1983	6	9.97061855670103
1983	7	9.5859375
1983	8	11.2808290155440
1983	9	13.1923076923077
1983	10	16.2888324873096
1983	11	18.1369230769231
1983	12	20.6821428571429
1984	1	21.0234693877551
1984	2	21.0305699481865
1984	3	18.9865979381443
1984	4	15.6628865979381
1984	5	12.9312820512821
1984	6	9.98469387755102
1984	7	9.98307692307692
1984	8	10.8943589743590
1984	9	13.3855670103093
1984	10	16.2808290155440
1984	11	18.06
1984	12	19.3098958333333
1985	1	21.3280423280423
1985	2	20.9633507853403
1985	3	19.4
1985	4	16.0858638743455
1985	5	13.4625641025641
1985	6	11.2430769230769
1985	7	10.5656410256410
1985	8	11.5584615384615
1985	9	13.5450777202073
1985	10	15.8979591836735
1985	11	18.6005208333333
1985	12	20.0255319148936
1986	1	21.3453125
1986	2	20.615625
1986	3	19.039896373057
1986	4	16.6107692307692
1986	5	13.3357142857143
1986	6	11.1173469387755
1986	7	10.4116751269036
1986	8	11.3695431472081
1986	9	13.3649484536082
1986	10	15.6882653061224
1986	11	17.8265306122449
1986	12	20.0548717948718
1987	1	21.3719576719577
1987	2	21.0573684210526
1987	3	19.1489583333333
1987	4	16.6
1987	5	12.4213541666667
1987	6	10.8492146596859
1987	7	10.6408376963351
1987	8	11.2162303664921
1987	9	13.0541666666667
1987	10	15.9834196891192
1987	11	18.5303664921466
1987	12	19.9823834196891
1988	1	21.4401041666667
1988	2	20.9010416666667
1988	3	19.9324607329843
1988	4	16.0673684210526
1988	5	12.5727748691099
1988	6	10.4026178010471
1988	7	10.0026315789474
1988	8	11.4557894736842
1988	9	13.6145077720207
1988	10	16
1988	11	18.6243386243386
1988	12	20.9754098360656
1989	1	21.8074866310160
1989	2	21.5296296296296
1989	3	19.489417989418
1989	4	16.4134715025907
1989	5	13.4322916666667
1989	6	11.0947916666667
1989	7	10.01875
1989	8	11.6852631578947
1989	9	13.2145833333333
1989	10	16.0677248677249
1989	11	18.5890625
1989	12	20.9361702127660
1990	1	21.5736842105263
1990	2	20.8714285714286
1990	3	19.3227513227513
1990	4	16.2322751322751
1990	5	13.0099476439791
1990	6	10.3109947643979
1990	7	9.98010752688172
1990	8	11.8794736842105
1990	9	12.9882978723404
1990	10	16.2523316062176
1990	11	18.6740932642487
1990	12	20.1361256544503
1991	1	21.3699481865285
1991	2	21.0413612565445
1991	3	19.6270270270270
1991	4	16.5798913043478
1991	5	13.8924324324324
1991	6	11.0560846560847
1991	7	10.1138888888889
1991	8	11.4021739130435
1991	9	13.8610810810811
1991	10	15.7768817204301
1991	11	17.7945945945946
1991	12	19.6605555555556
1992	1	21.1855491329480
1992	2	20.7063694267516
1992	3	19.7550632911392
1992	4	16.2455056179775
1992	5	12.9153005464481
1992	6	11.0887096774194
1992	7	9.75535714285714
1992	8	10.9839779005525
1992	9	12.8054945054945
1992	10	15.2469273743017
1992	11	17.1157303370787
1992	12	19.7275280898876
1993	1	21.3145251396648
1993	2	20.6
1993	3	19.4072625698324
1993	4	16.2870056497175
1993	5	13.0005555555556
1993	6	10.6735955056180
1993	7	10.0127906976744
1993	8	11.3131428571429
1993	9	12.8116666666667
1993	10	15.5905027932961
1993	11	17.7576271186441
1993	12	19.8140449438202
1994	1	21.0569832402235
1994	2	20.3482954545455
1994	3	18.8685393258427
1994	4	16.1427777777778
1994	5	13.8717514124294
1994	6	11.3727810650888
1994	7	10.0575418994413
1994	8	11.3289772727273
1994	9	13.7664772727273
1994	10	15.6595505617978
1994	11	18.2265895953757
1994	12	20.9548571428571
1995	1	21.103488372093
1995	2	20.5511235955056
1995	3	18.7821839080460
1995	4	15.6919540229885
1995	5	13.1738636363636
1995	6	10.554802259887
1995	7	9.42429378531073
1995	8	11.1912790697674
1995	9	13.4288135593220
1995	10	15.6044943820225
1995	11	18.4477777777778
1995	12	20.3620111731844
1996	1	21.0527173913043
1996	2	20.5402173913043
1996	3	19.2314606741573
1996	4	15.9401098901099
1996	5	13.6653631284916
1996	6	10.2294444444444
1996	7	9.64078212290503
1996	8	11.7857142857143
1996	9	13.3545945945946
1996	10	15.9370786516854
1996	11	17.8677777777778
1996	12	19.7882681564246
1997	1	21.4364640883978
1997	2	20.9513661202186
1997	3	18.7752808988764
1997	4	16.4081081081081
1997	5	13.6796703296703
1997	6	10.8011428571429
1997	7	10.3821229050279
1997	8	11.6839080459770
1997	9	13.5126373626374
1997	10	15.8709677419355
1997	11	18.1294444444444
1997	12	20.2932584269663
1998	1	21.2236559139785
1998	2	20.7497326203209
1998	3	19.2451612903226
1998	4	16.2859459459459
1998	5	13.7191011235955
1998	6	11.3225806451613
1998	7	11.0327956989247
1998	8	11.5401098901099
1998	9	13.0836065573770
1998	10	16.2413043478261
1998	11	18.1734463276836
1998	12	20.1126436781609
1999	1	21.4960227272727
1999	2	21.3697297297297
1999	3	19.7826815642458
1999	4	15.5889502762431
1999	5	13.5126373626374
1999	6	10.6856353591160
1999	7	10.2592391304348
1999	8	11.6016574585635
1999	9	13.9403409090909
1999	10	16.2174863387978
1999	11	17.6926966292135
1999	12	19.9266304347826
2000	1	20.9161111111111
2000	2	20.9572222222222
2000	3	19.0077777777778
2000	4	16.3849162011173
2000	5	12.7776536312849
2000	6	11.1033149171271
2000	7	9.51868131868132
2000	8	11.0894444444444
2000	9	13.1895027624309
2000	10	15.8721590909091
2000	11	17.7705555555556
2000	12	20.1406976744186
2001	1	21.5320987654321
2001	2	21.6339506172840
2001	3	19.3161676646707
2001	4	16.1275449101796
2001	5	12.9482352941176
2001	6	11.0341317365269
2001	7	10.0458823529412
2001	8	12.1888235294118
2001	9	13.6660606060606
2001	10	15.7314814814815
2001	11	17.58875
2001	12	19.7153846153846
2002	1	20.4058441558442
2002	2	20.030625
2002	3	19.106432748538
2002	4	16.1496969696970
2002	5	13.1396341463415
2002	6	10.1459770114943
2002	7	9.93353293413174
2002	8	11.3136645962733
2002	9	13.5733333333333
2002	10	15.9642857142857
2002	11	18.3053892215569
2002	12	19.8906976744186
2003	1	21.5602339181287
2003	2	20.9629411764706
2003	3	19.1712574850299
2003	4	16.2976744186047
2003	5	13.5011764705882
2003	6	11.4072289156627
2003	7	10.0337423312883
2003	8	10.7145454545455
2003	9	13.7275862068966
2003	10	16.0654970760234
2003	11	18.2403614457831
2003	12	19.8793103448276
2004	1	21.4909090909091
2004	2	20.8804733727811
2004	3	19.4551724137931
2004	4	16.6716867469880
2004	5	12.2397590361446
2004	6	11.293125
2004	7	10.02
2004	8	11.239375
2004	9	13.6914285714286
2004	10	16.1375757575758
2004	11	18.149375
2004	12	19.8193548387097
2005	1	21.4088757396450
2005	2	21.1549382716049
2005	3	19.1527950310559
2005	4	16.3174157303371
2005	5	13.5111111111111
2005	6	11.0958823529412
2005	7	10.8070175438596
2005	8	11.6139534883721
2005	9	13.2635838150289
2005	10	16.0619047619048
2005	11	18.8047619047619
2005	12	20.3793939393939
2006	1	22.225748502994
2006	2	21.3251497005988
2006	3	19.4570588235294
2006	4	15.940490797546
2006	5	12.3862275449102
2006	6	10.9141975308642
2006	7	11.3285714285714
2006	8	11.2968354430380
2006	9	13.6981012658228
2006	10	17.0386075949367
2006	11	18.5130434782609
2006	12	20.2461038961039
2007	1	21.2876623376623
2007	2	21.1091503267974
2007	3	19.2532051282051
2007	4	16.5802547770701
2007	5	12.3861635220126
2007	6	9.72792207792208
2007	7	8.87922077922078
2007	8	10.541059602649
2007	9	14.1690322580645
2007	10	16.2986842105263
2007	11	17.8223684210526
2007	12	20.0699346405229
2008	1	21.6164556962025
2008	2	20.7173076923077
2008	3	19.3658227848101
2008	4	15.6753164556962
2008	5	12.9333333333333
2008	6	10.4962732919255
2008	7	10.8137254901961
2008	8	11.0383647798742
2008	9	13.64875
2008	10	16.5846153846154
2008	11	18.9301886792453
2008	12	20.5538461538462
2009	1	21.5594936708861
2009	2	21.218125
2009	3	19.8094936708861
2009	4	17.0633540372671
2009	5	13.5397515527950
2009	6	10.3341772151899
2009	7	9.6113924050633
2009	8	12.5496894409938
2009	9	13.1509316770186
2009	10	16.0295597484277
