1837	6	25.7
1837	7	25.8
1837	8	25.9
1837	9	26.3
1837	10	26.2
1837	11	26
1837	12	26.5
1838	1	26.2
1838	2	27
1838	3	27.9
1838	4	28.4
1838	5	28.6
1838	6	26.3
1838	7	26.6
1838	8	26.7
1838	9	26.5
1838	10	26.5
1838	11	26.5
1838	12	26.9
1839	1	27.1
1839	2	26.4
1839	3	28.3
1839	4	28.9
1839	5	27.6
1839	6	26.2
1839	7	25.4
1839	8	25.6
1839	9	26.5
1839	10	26.6
1839	11	26.4
1839	12	27.1
1840	1	25.9
1840	2	26.5
1840	3	28.1
1840	4	28.7
1840	5	28.3
1840	6	26.6
1840	7	25.8
1840	8	26.4
1840	9	26.1
1840	10	26.3
1840	11	26.2
1840	12	26.4
1841	6	26.3
1841	7	27.6
1841	8	26.9
1841	9	27.2
1841	10	26.1
1841	11	26.9
1841	12	27
1842	1	26.8
1842	2	27.9
1842	3	28.7
1842	4	29.3
1842	5	27.6
1842	6	26.6
1842	7	26.4
1842	8	26
1842	9	26.4
1842	10	26.8
1842	11	26.5
1842	12	27.2
1843	1	27.1
1843	2	27.9
1843	3	28.6
1843	4	27.9
1843	5	27.4
1843	6	26
1843	7	25.7
1843	8	26.6
1843	9	27.1
1843	10	26.6
1843	11	27.5
1843	12	26.4
1844	1	26.7
1844	2	27.5
1844	3	29.3
1844	4	29.7
1844	5	28.2
1844	6	27
1844	7	26.4
1844	8	26.4
1844	9	27.2
1844	10	26.7
1844	11	27.7
1844	12	27.3
1845	1	27.1
1845	2	28
1845	3	28.5
1845	4	29.4
1845	5	28.2
1845	6	26.2
1845	7	26.8
1845	8	26.8
1845	9	27.7
1845	10	27
1845	11	27.4
1845	12	27.4
1850	1	26.4
1850	2	26.8
1850	3	26.8
1850	4	27
1850	5	27.1
1850	6	26.8
1850	7	26.7
1850	8	26.1
1850	9	26
1850	10	26.5
1850	11	26.2
1850	12	26.5
1851	1	26.7
1851	2	26.9
1851	3	26.6
1851	4	26.9
1851	5	26.9
1851	6	26.8
1851	7	26.2
1851	8	26
1851	9	26.2
1851	10	26.4
1851	11	25.9
1851	12	26.6
1852	1	25.8
1852	2	26.4
1852	3	26.7
1852	4	26.9
1852	5	26.9
1852	6	27
1852	7	26.4
1852	8	26.1
1852	9	26.7
1852	10	25.75
1852	11	26.3
1852	12	26.25
1853	1	25.8333333333333
1853	2	25.5666666666667
1853	3	26.4333333333333
1853	4	26.6
1853	5	26.9
1853	6	27.1666666666667
1853	7	26.6333333333333
1853	8	26.3333333333333
1853	9	26.8
1853	10	27
1853	11	25.95
1853	12	26.1666666666667
1854	1	26.15
1854	2	25.8
1854	3	26.1
1854	4	27.1
1854	5	26
1854	6	26.7
1854	7	26.35
1854	8	26.05
1854	9	26.3
1854	10	25.95
1854	11	25.5
1854	12	26.1333333333333
1855	1	25.6666666666667
1855	2	25.0666666666667
1855	3	26.2333333333333
1855	4	26.3666666666667
1855	5	27.1666666666667
1855	6	27.1666666666667
1855	7	26.7
1855	8	27.0666666666667
1855	9	26.9
1855	10	25.7333333333333
1855	11	26.1333333333333
1855	12	26
1856	1	26.2666666666667
1856	2	26.4
1856	3	26.8
1856	4	26.75
1856	5	26.9333333333333
1856	6	27.7
1856	7	26.9666666666667
1856	8	26.6666666666667
1856	9	26.4
1856	10	26.2
1856	11	26.5
1856	12	25.7
1857	1	35.5
1857	2	16.7
1857	3	17.5
1857	4	24.4333333333333
1857	5	24.2333333333333
1857	6	24.7333333333333
1857	7	24
1857	8	23.9333333333333
1857	9	23.7666666666667
1857	10	24.1333333333333
1857	11	23.0333333333333
1857	12	22.0666666666667
1858	1	22.25
1858	2	22.9666666666667
1858	3	22.6666666666667
1858	4	23.9333333333333
1858	5	24.7
1858	6	23.95
1858	7	22.4
1858	8	24.0333333333333
1858	9	24.9
1858	10	23.9666666666667
1858	11	23.1
1858	12	22.8
1859	1	22.5
1859	2	22.9
1859	3	23.5666666666667
1859	4	24.1666666666667
1859	5	24.8
1859	6	24.1
1859	7	24.0666666666667
1859	8	24.0333333333333
1859	9	23.9333333333333
1859	10	23.9333333333333
1859	11	22.5666666666667
1859	12	22.4333333333333
1860	1	22.3
1860	2	22.3333333333333
1860	3	22.7666666666667
1860	4	24.4
1860	5	24.1
1860	6	24.6333333333333
1860	7	24.2
1860	8	24.0666666666667
1860	9	24.1666666666667
1860	10	23.6333333333333
1860	11	23.6
1860	12	22.6666666666667
1861	1	25.1
1861	2	24.7
1861	3	25.7
1861	4	26.1
1861	5	27.2
1861	6	26.2
1861	7	25.8
1861	8	25.5
1861	9	25.9
1861	10	26
1861	11	25
1861	12	24.7
1862	1	22.6
1862	2	21.9
1862	3	22.55
1862	4	20.7
1862	5	20.5
1862	6	25.2
1862	7	27.6
1862	8	27.8
1862	9	28.1
1862	10	27.3
1862	11	25.8
1862	12	20.5
1865	1	27
1865	2	28.1
1865	3	26.9
1865	4	26.9
1865	5	26
1865	6	29
1865	7	27.5
1865	8	27.8
1865	9	27.7
1865	10	26.6
1865	11	26.3
1865	12	26.6
1866	1	21.9
1866	2	22.1666666666667
1866	3	23.0666666666667
1866	4	23.8333333333333
1866	5	24.0333333333333
1866	6	23.5
1866	7	22.6666666666667
1866	8	22.4333333333333
1866	9	22.7333333333333
1866	10	22.5666666666667
1866	11	20.4
1866	12	22.0666666666667
1867	1	23.225
1867	2	22.5666666666667
1867	3	22.7
1867	4	22.6666666666667
1867	5	23.2666666666667
1867	6	21.7
1867	7	21.5666666666667
1867	8	21.2
1867	9	21.6333333333333
1867	10	22.4
1867	11	22.85
1867	12	23.575
1868	1	21.775
1868	2	22.475
1868	3	22.275
1868	4	22.725
1868	5	23.15
1868	6	23.5
1868	7	22.775
1868	8	23.68
1868	9	23.82
1868	10	24.04
1868	11	23.72
1868	12	23.26
1869	1	22.66
1869	2	23.78
1869	3	23.16
1869	4	23.16
1869	5	23.82
1869	6	24.36
1869	7	24.575
1869	8	24.675
1869	9	24.28
1869	10	24.58
1869	11	23.32
1869	12	21.45
1870	1	22.56
1870	2	22.56
1870	3	21.675
1870	4	22.525
1870	5	23.1
1870	6	23.55
1870	7	23.425
1870	8	23.275
1870	9	23.64
1870	10	24.04
1870	11	23.28
1870	12	22.56
1871	1	22.68
1871	2	23.24
1871	3	23.48
1871	4	23.86
1871	5	24.08
1871	6	23.68
1871	7	23.66
1871	8	23.68
1871	9	23.86
1871	10	23.84
1871	11	23.66
1871	12	23.04
1872	1	22.8
1872	2	23.02
1872	3	23.7
1872	4	24.2
1872	5	24.42
1872	6	23.96
1872	7	24
1872	8	23.625
1872	9	23.35
1872	10	23.64
1872	11	23.48
1872	12	23.22
1873	1	22.84
1873	2	23.04
1873	3	23.24
1873	4	23.8
1873	5	24
1873	6	23.66
1873	7	24.2666666666667
1873	8	24.1166666666667
1873	9	24.5166666666667
1873	10	23.98
1873	11	23
1873	12	22.22
1874	1	22.55
1874	2	24.4
1874	3	24.22
1874	4	25.24
1874	5	23.7285714285714
1874	6	23.6571428571429
1874	7	23.9428571428571
1874	8	23.9857142857143
1874	9	24.5571428571429
1874	10	24.1142857142857
1874	11	23.5571428571429
1874	12	22.75
1875	1	22.2555555555556
1875	2	22.75
1875	3	24.89
1875	4	26.07
1875	5	26.9909090909091
1875	6	26
1875	7	25.2818181818182
1875	8	24.71
1875	9	25.1909090909091
1875	10	24.4818181818182
1875	11	23.2909090909091
1875	12	22.5090909090909
1876	1	22.9428571428571
1876	2	23.5714285714286
1876	3	25.6785714285714
1876	4	27.2285714285714
1876	5	27.4428571428571
1876	6	27.0384615384615
1876	7	25.6153846153846
1876	8	25.5461538461538
1876	9	25.3
1876	10	25.4285714285714
1876	11	23.8
1876	12	22.6571428571429
1877	1	22.5692307692308
1877	2	23.3
1877	3	24.9153846153846
1877	4	26.4076923076923
1877	5	27.4153846153846
1877	6	26.7846153846154
1877	7	26.4461538461538
1877	8	26.1928571428571
1877	9	26.1071428571429
1877	10	25.65
1877	11	24.6928571428571
1877	12	24.0571428571429
1878	1	22.525
1878	2	24.1823529411765
1878	3	25.9058823529412
1878	4	27.4352941176471
1878	5	27.8294117647059
1878	6	27.5294117647059
1878	7	25.9529411764706
1878	8	25.4823529411765
1878	9	25.8352941176471
1878	10	25.3470588235294
1878	11	24.10625
1878	12	22.3466666666667
1879	1	22.0666666666667
1879	2	23.14
1879	3	24.98
1879	4	27.33125
1879	5	27.44375
1879	6	25.85
1879	7	25.4375
1879	8	24.94375
1879	9	25.025
1879	10	24.49375
1879	11	22.75
1879	12	21.625
1880	1	20.9333333333333
1880	2	21.9294117647059
1880	3	24.4235294117647
1880	4	26.3631578947368
1880	5	27.3611111111111
1880	6	25.5578947368421
1880	7	24.9526315789474
1880	8	25.1
1880	9	24.7052631578947
1880	10	24.6421052631579
1880	11	23.2157894736842
1880	12	21.5368421052632
1881	1	21.2684210526316
1881	2	22.5789473684211
1881	3	24.2684210526316
1881	4	26.5368421052632
1881	5	27.1105263157895
1881	6	25.9473684210526
1881	7	25.2947368421053
1881	8	24.8315789473684
1881	9	24.8
1881	10	24.6055555555556
1881	11	22.7611111111111
1881	12	21.2
1882	1	22.22
1882	2	22.855
1882	3	25.065
1882	4	26.495
1882	5	26.61
1882	6	25.5421052631579
1882	7	24.73
1882	8	24.8
1882	9	25.17
1882	10	24.705
1882	11	23.16
1882	12	21.8526315789474
1883	1	21.565
1883	2	22.365
1883	3	24.4714285714286
1883	4	26.3619047619048
1883	5	26.7285714285714
1883	6	25.7523809523810
1883	7	25.0714285714286
1883	8	25.2380952380952
1883	9	24.9333333333333
1883	10	24.6238095238095
1883	11	22.9190476190476
1883	12	21.0904761904762
1884	1	21.05
1884	2	22.1045454545455
1884	3	24.2818181818182
1884	4	25.6954545454545
1884	5	26.1318181818182
1884	6	25.9045454545455
1884	7	24.9761904761905
1884	8	24.9904761904762
1884	9	24.8619047619048
1884	10	24.4666666666667
1884	11	22.7238095238095
1884	12	21.4904761904762
1885	1	21.8523809523810
1885	2	22.2142857142857
1885	3	24.3761904761905
1885	4	25.8857142857143
1885	5	26.5047619047619
1885	6	25.7857142857143
1885	7	25.1857142857143
1885	8	25.2
1885	9	25.5142857142857
1885	10	24.9285714285714
1885	11	23.3909090909091
1885	12	22.1227272727273
1886	1	21.9375
1886	2	22.7125
1886	3	24.7083333333333
1886	4	26.1041666666667
1886	5	26.6458333333333
1886	6	25.8541666666667
1886	7	25.0826086956522
1886	8	25.1958333333333
1886	9	25.5416666666667
1886	10	25.0608695652174
1886	11	23.2782608695652
1886	12	21.5636363636364
1887	1	22.0409090909091
1887	2	22.6090909090909
1887	3	24.4681818181818
1887	4	26.1045454545455
1887	5	26.6545454545455
1887	6	25.6909090909091
1887	7	25.0727272727273
1887	8	25.2136363636364
1887	9	25.3636363636364
1887	10	24.9272727272727
1887	11	23.7045454545455
1887	12	22.3045454545455
1888	1	21.4863636363636
1888	2	22.7454545454545
1888	3	24.8181818181818
1888	4	26.6869565217391
1888	5	26.8739130434783
1888	6	26.2818181818182
1888	7	25.3227272727273
1888	8	25.2909090909091
1888	9	25.5090909090909
1888	10	25.2954545454545
1888	11	24.1363636363636
1888	12	22.4130434782609
1889	1	22.8409090909091
1889	2	23.8913043478261
1889	3	25.3782608695652
1889	4	27.0666666666667
1889	5	27.5333333333333
1889	6	26.3347826086957
1889	7	25.5391304347826
1889	8	25.2272727272727
1889	9	25.4272727272727
1889	10	24.9695652173913
1889	11	23.8
1889	12	22.7291666666667
1890	1	22.1814814814815
1890	2	23.0629629629630
1890	3	24.4370370370370
1890	4	25.9
1890	5	26.4555555555556
1890	6	25.2111111111111
1890	7	24.4074074074074
1890	8	24.4074074074074
1890	9	24.6111111111111
1890	10	24.2518518518519
1890	11	23.1629629629630
1890	12	22.4653846153846
1891	1	22.5310344827586
1891	2	23.0724137931034
1891	3	24.2965517241379
1891	4	25.7321428571429
1891	5	26.4740740740741
1891	6	26.2851851851852
1891	7	24.6464285714286
1891	8	24.7576923076923
1891	9	25.1444444444444
1891	10	24.5642857142857
1891	11	23.9259259259259
1891	12	22.9111111111111
1892	1	22.4806451612903
1892	2	23.3875
1892	3	24.1272727272727
1892	4	25.8117647058824
1892	5	25.7787878787879
1892	6	25.371875
1892	7	24.3911764705882
1892	8	24.2176470588235
1892	9	24.3764705882353
1892	10	24.1909090909091
1892	11	23.1
1892	12	22.1548387096774
1893	1	21.5861111111111
1893	2	22.3833333333333
1893	3	23.6513513513514
1893	4	25.5324324324324
1893	5	25.6945945945946
1893	6	24.825
1893	7	24.4702702702703
1893	8	24.3189189189189
1893	9	24.4648648648649
1893	10	24.3794871794872
1893	11	23.5921052631579
1893	12	22.2
1894	1	22.4763157894737
1894	2	23.2135135135135
1894	3	24.4432432432432
1894	4	25.5
1894	5	25.7410256410256
1894	6	24.9425
1894	7	24.1974358974359
1894	8	24.3075
1894	9	24.5075
1894	10	24.7923076923077
1894	11	23.7282051282051
1894	12	23.005
1895	1	22.5878048780488
1895	2	23.0414634146341
1895	3	24.4487804878049
1895	4	25.5225
1895	5	26.15
1895	6	25.3658536585366
1895	7	24.6487804878049
1895	8	24.609756097561
1895	9	25.1564102564103
1895	10	24.9487179487179
1895	11	24.13
1895	12	22.965
1896	1	22.7348837209302
1896	2	23.5860465116279
1896	3	25.0880952380952
1896	4	26.8523809523810
1896	5	27.0780487804878
1896	6	25.5833333333333
1896	7	24.7511627906977
1896	8	24.4404761904762
1896	9	25.3073170731707
1896	10	25.2883720930233
1896	11	24.6162790697674
1896	12	23.4255813953488
1897	1	23.3931818181818
1897	2	24.3272727272727
1897	3	25.5704545454545
1897	4	26.6477272727273
1897	5	26.8068181818182
1897	6	26.1355555555556
1897	7	25.2272727272727
1897	8	25.08
1897	9	25.1711111111111
1897	10	25.1644444444444
1897	11	23.9409090909091
1897	12	22.5395348837209
1898	1	22.7235294117647
1898	2	23.474
1898	3	25.058
1898	4	26.134
1898	5	26.3803921568627
1898	6	25.638
1898	7	24.688
1898	8	24.618
1898	9	25.206
1898	10	25.4490196078431
1898	11	24.5686274509804
1898	12	23.4764705882353
1899	1	22.7313725490196
1899	2	23.556
1899	3	25.05
1899	4	26.028
1899	5	26.312
1899	6	25.312
1899	7	25.058
1899	8	25.314
1899	9	25.8
1899	10	25.766
1899	11	24.68
1899	12	23.5530612244898
1900	1	23.0872340425532
1900	2	23.7583333333333
1900	3	25.0916666666667
1900	4	26.0765957446809
1900	5	26.1063829787234
1900	6	25.5791666666667
1900	7	24.56875
1900	8	24.8354166666667
1900	9	24.7489795918367
1900	10	24.8306122448980
1900	11	23.8979591836735
1900	12	23.204
1901	1	23.1588235294118
1901	2	23.4903846153846
1901	3	24.7461538461538
1901	4	26.0653846153846
1901	5	26.3509803921569
1901	6	25.73
1901	7	24.8039215686275
1901	8	24.8098039215686
1901	9	25.3509803921569
1901	10	25.326
1901	11	24.0122448979592
1901	12	22.8254901960784
1902	1	22.6181818181818
1902	2	23.3327272727273
1902	3	24.8218181818182
1902	4	26.0607142857143
1902	5	26.5214285714286
1902	6	25.9125
1902	7	24.9296296296296
1902	8	25.1267857142857
1902	9	25.3125
1902	10	25.0857142857143
1902	11	24.0113207547170
1902	12	22.9545454545455
1903	1	22.9457627118644
1903	2	23.4423728813559
1903	3	24.6932203389830
1903	4	25.9864406779661
1903	5	26.2525423728814
1903	6	25.7135593220339
1903	7	25.0661016949153
1903	8	24.9233333333333
1903	9	25.0966666666667
1903	10	24.9883333333333
1903	11	23.6864406779661
1903	12	22.42
1904	1	22.1830508474576
1904	2	22.8383333333333
1904	3	24.1083333333333
1904	4	25.4583333333333
1904	5	25.7616666666667
1904	6	25.1566666666667
1904	7	24.5655172413793
1904	8	24.7771929824561
1904	9	25.0542372881356
1904	10	25.0983050847458
1904	11	23.9566666666667
1904	12	22.76
1905	1	22.5776119402985
1905	2	22.9060606060606
1905	3	24.3661538461538
1905	4	25.6952380952381
1905	5	26.6876923076923
1905	6	26.3125
1905	7	25.1955223880597
1905	8	25.1166666666667
1905	9	25.4746268656716
1905	10	25.5453125
1905	11	24.5194029850746
1905	12	23.2272727272727
1906	1	22.8764705882353
1906	2	23.6
1906	3	24.7268656716418
1906	4	26.2417910447761
1906	5	26.7388059701493
1906	6	25.8279411764706
1906	7	25.1617647058824
1906	8	24.9313432835821
1906	9	25.4352941176471
1906	10	25.3029411764706
1906	11	24.0895522388060
1906	12	22.9985294117647
1907	1	22.8042857142857
1907	2	23.2214285714286
1907	3	24.54
1907	4	25.5085714285714
1907	5	26.0771428571429
1907	6	25.5371428571429
1907	7	24.9685714285714
1907	8	24.5260869565217
1907	9	25.3071428571429
1907	10	25.3434782608696
1907	11	24.2246376811594
1907	12	22.6405797101449
1908	1	22.5704225352113
1908	2	23.1859154929577
1908	3	24.5185714285714
1908	4	26.17
1908	5	26.1070422535211
1908	6	25.4647887323944
1908	7	24.5802816901408
1908	8	24.5271428571429
1908	9	25.0714285714286
1908	10	25.0338235294118
1908	11	23.5865671641791
1908	12	22.6746268656716
1909	1	22.4985074626866
1909	2	23.2985074626866
1909	3	24.8058823529412
1909	4	25.4086956521739
1909	5	25.9376811594203
1909	6	25.0797101449275
1909	7	24.4710144927536
1909	8	24.4852941176471
1909	9	24.8072463768116
1909	10	25.0028985507246
1909	11	23.9714285714286
1909	12	22.9128571428571
1910	1	22.396
1910	2	23.3826666666667
1910	3	24.416
1910	4	25.78
1910	5	26.1386666666667
1910	6	25.2232876712329
1910	7	24.7459459459459
1910	8	24.6675675675676
1910	9	24.9513513513514
1910	10	24.8520547945205
1910	11	23.5958333333333
1910	12	22.5821917808219
1911	1	22.7381578947368
1911	2	22.9597402597403
1911	3	24.3571428571429
1911	4	25.6103896103896
1911	5	25.6675324675325
1911	6	24.7546666666667
1911	7	24.3263157894737
1911	8	24.3333333333333
1911	9	24.8776315789474
1911	10	25.0723684210526
1911	11	24.3831168831169
1911	12	23.3220779220779
1912	1	23.0270270270270
1912	2	23.9643835616438
1912	3	25.1987012987013
1912	4	26.2558441558442
1912	5	26.5551282051282
1912	6	25.7320512820513
1912	7	24.5589743589744
1912	8	24.5320512820513
1912	9	25.0833333333333
1912	10	25.0397435897436
1912	11	24.0569620253165
1912	12	22.8717948717949
1913	1	22.7389610389610
1913	2	23.6077922077922
1913	3	24.4038961038961
1913	4	25.8103896103896
1913	5	25.6118421052632
1913	6	25.0415584415584
1913	7	24.5853333333333
1913	8	24.6613333333333
1913	9	25.0946666666667
1913	10	24.9797297297297
1913	11	23.9094594594595
1913	12	22.9493150684931
1914	1	23.184
1914	2	23.7934210526316
1914	3	24.9706666666667
1914	4	25.9986666666667
1914	5	26.4202702702703
1914	6	25.6842105263158
1914	7	24.672
1914	8	24.6413333333333
1914	9	25.2736842105263
1914	10	25.4386666666667
1914	11	24.6974025974026
1914	12	23.5220779220779
1915	1	23.1444444444444
1915	2	23.7236111111111
1915	3	25
1915	4	26.0291666666667
1915	5	26.3189189189189
1915	6	25.7397260273973
1915	7	25.0342465753425
1915	8	24.9589041095890
1915	9	25.2513888888889
1915	10	25.4797297297297
1915	11	24.5324324324324
1915	12	23.0643835616438
1916	1	22.6773333333333
1916	2	23.4053333333333
1916	3	25.0171052631579
1916	4	26.05
1916	5	26.0786666666667
1916	6	24.9813333333333
1916	7	24.5653333333333
1916	8	24.5554054054054
1916	9	24.9135135135135
1916	10	24.8093333333333
1916	11	23.7026315789474
1916	12	22.572
1917	1	22.4666666666667
1917	2	22.9333333333333
1917	3	24.1779220779221
1917	4	25.0844155844156
1917	5	24.9435897435897
1917	6	24.3848101265823
1917	7	24.0115384615385
1917	8	23.9935064935065
1917	9	24.3192307692308
1917	10	24.3897435897436
1917	11	23.5215189873418
1917	12	22.4240506329114
1918	1	21.6234567901235
1918	2	22.5061728395062
1918	3	23.8048780487805
1918	4	24.6487804878049
1918	5	24.8512195121951
1918	6	24.0123456790123
1918	7	23.9797468354430
1918	8	23.7370370370370
1918	9	24.6197530864198
1918	10	24.8802469135802
1918	11	24.1
1918	12	22.7670886075949
1919	1	22.8423076923077
1919	2	23.5717948717949
1919	3	24.6782051282051
1919	4	25.3792207792208
1919	5	25.1842105263158
1919	6	24.3013157894737
1919	7	23.6155844155844
1919	8	23.7467532467532
1919	9	24.4131578947368
1919	10	24.7631578947368
1919	11	23.7631578947368
1919	12	22.6259740259740
1920	1	22.5878378378378
1920	2	23.0802631578947
1920	3	24.2480519480519
1920	4	25.1907894736842
1920	5	25.1974025974026
1920	6	24.4701298701299
1920	7	23.8923076923077
1920	8	23.9766233766234
1920	9	24.7266666666667
1920	10	24.8857142857143
1920	11	23.9131578947368
1920	12	22.7
1921	1	22.4569767441860
1921	2	22.8172413793103
1921	3	24.2459770114943
1921	4	25.2540229885057
1921	5	25.3471264367816
1921	6	24.6788235294118
1921	7	24.0517241379310
1921	8	24.1255813953488
1921	9	24.4917647058824
1921	10	24.7181818181818
1921	11	23.7280898876405
1921	12	22.9863636363636
1922	1	22.6483146067416
1922	2	23.4033333333333
1922	3	24.3693181818182
1922	4	25.4604395604396
1922	5	25.4021978021978
1922	6	24.7780219780220
1922	7	23.9055555555556
1922	8	24.2489130434783
1922	9	24.6989247311828
1922	10	24.7913043478261
1922	11	24.0586956521739
1922	12	22.6913043478261
1923	1	22.6227722772277
1923	2	22.8505050505050
1923	3	24.253
1923	4	25.174
1923	5	25.449
1923	6	25.1049504950495
1923	7	24.0225490196078
1923	8	24.2019801980198
1923	9	24.9504950495050
1923	10	24.9217821782178
1923	11	24.0724489795918
1923	12	23.1639175257732
1924	1	22.9029411764706
1924	2	23.4772277227723
1924	3	25.0166666666667
1924	4	25.6640776699029
1924	5	25.8901960784314
1924	6	24.9858585858586
1924	7	24.2554455445545
1924	8	24.5728155339806
1924	9	24.8361904761905
1924	10	24.9603773584906
1924	11	23.8504761904762
1924	12	22.6657142857143
1925	1	21.8314285714286
1925	2	22.8383177570093
1925	3	24.4990476190476
1925	4	25.4355769230769
1925	5	25.6738317757009
1925	6	24.7971698113208
1925	7	24.3345794392523
1925	8	24.4704761904762
1925	9	25.0298076923077
1925	10	25.2719626168224
1925	11	24.402752293578
1925	12	23.1370370370370
1926	1	22.92
1926	2	23.95
1926	3	25.0916666666667
1926	4	25.8268518518519
1926	5	26.1037037037037
1926	6	25.5607476635514
1926	7	24.6518518518519
1926	8	24.7330275229358
1926	9	25.3472727272727
1926	10	25.4027777777778
1926	11	24.1777777777778
1926	12	23.2165137614679
1927	1	22.7448598130841
1927	2	23.4392523364486
1927	3	24.7084112149533
1927	4	25.3423076923077
1927	5	25.8926605504587
1927	6	25.1433962264151
1927	7	24.3566037735849
1927	8	24.4368932038835
1927	9	25.0457142857143
1927	10	25.2676470588235
1927	11	24.3233644859813
1927	12	23.4694444444444
1928	1	22.8822429906542
1928	2	23.2707547169811
1928	3	24.8858490566038
1928	4	25.7103773584906
1928	5	25.8981651376147
1928	6	24.9981132075472
1928	7	24.3626168224299
1928	8	24.3102803738318
1928	9	25.1122641509434
1928	10	25.2144230769231
1928	11	24.1394230769231
1928	12	22.9378640776699
1929	1	22.5814814814815
1929	2	23.3504587155963
1929	3	24.5916666666667
1929	4	25.6149532710280
1929	5	25.9623853211009
1929	6	25.054128440367
1929	7	24.3385321100917
1929	8	24.3425925925926
1929	9	25.2272727272727
1929	10	25.2809090909091
1929	11	24.3054054054054
1929	12	22.6864864864865
1930	1	22.3028846153846
1930	2	23.1990291262136
1930	3	24.5314285714286
1930	4	25.7121495327103
1930	5	25.8083333333333
1930	6	25.1054545454545
1930	7	24.503738317757
1930	8	24.4622641509434
1930	9	25.2373831775701
1930	10	25.3803738317757
1930	11	24.5230769230769
1930	12	23.6161904761905
1931	1	23.225
1931	2	24.1166666666667
1931	3	25.175
1931	4	26.2418181818182
1931	5	26.3526785714286
1931	6	25.4639639639640
1931	7	24.7787610619469
1931	8	24.9581818181818
1931	9	25.1314814814815
1931	10	25.3854545454545
1931	11	24.2240740740741
1931	12	23.3481132075472
1932	1	22.7720720720721
1932	2	23.4518181818182
1932	3	24.5577981651376
1932	4	25.8908256880734
1932	5	25.8990825688073
1932	6	25.372972972973
1932	7	24.1927927927928
1932	8	24.4622807017544
1932	9	25.0672727272727
1932	10	25.4222222222222
1932	11	24.4666666666667
1932	12	23.1559633027523
1933	1	23.0418803418803
1933	2	23.8175438596491
1933	3	25
1933	4	25.895
1933	5	25.8235294117647
1933	6	24.9386554621849
1933	7	24.2932203389831
1933	8	24.3491666666667
1933	9	24.898347107438
1933	10	25.1545454545455
1933	11	24.2008333333333
1933	12	22.9487603305785
1934	1	22.4303278688525
1934	2	23.1745901639344
1934	3	24.4822580645161
1934	4	25.6943089430894
1934	5	26.0895161290323
1934	6	25.4081300813008
1934	7	24.7322580645161
1934	8	24.6642276422764
1934	9	25.1645161290323
1934	10	25.384
1934	11	24.4420634920635
1934	12	23.2248
1935	1	22.9291666666667
1935	2	23.4466101694915
1935	3	24.814406779661
1935	4	25.4291666666667
1935	5	25.9126050420168
1935	6	25.090756302521
1935	7	24.3613445378151
1935	8	24.2621848739496
1935	9	25.1950413223141
1935	10	25.5090909090909
1935	11	24.3487603305785
1935	12	23.3785123966942
1936	1	23.0761904761905
1936	2	23.9848
1936	3	24.9731707317073
1936	4	25.7975806451613
1936	5	25.9184
1936	6	24.7865079365079
1936	7	24.2784
1936	8	24.2886178861789
1936	9	24.8669354838710
1936	10	25.356
1936	11	24.68
1936	12	23.4614754098361
1937	1	23.0769230769231
1937	2	23.8093220338983
1937	3	24.6974576271186
1937	4	25.3908333333333
1937	5	25.4857142857143
1937	6	25.0208333333333
1937	7	24.0658333333333
1937	8	24.3789915966387
1937	9	25.0783333333333
1937	10	25.2894308943089
1937	11	24.7614754098361
1937	12	23.3975609756098
1938	1	23.3795275590551
1938	2	23.903937007874
1938	3	24.92109375
1938	4	25.8224806201550
1938	5	25.7627906976744
1938	6	24.7656488549618
1938	7	24.2323076923077
1938	8	24.4720930232558
1938	9	25.0707692307692
1938	10	25.2813953488372
1938	11	24.2267716535433
1938	12	23.3582677165354
1939	1	23.2219696969697
1939	2	23.7375939849624
1939	3	24.696992481203
1939	4	25.5096296296296
1939	5	25.6807407407407
1939	6	24.7276119402985
1939	7	24.1455223880597
1939	8	24.4112781954887
1939	9	24.8785185185185
1939	10	25.3477272727273
1939	11	24.4792307692308
1939	12	23.3751937984496
1940	1	22.8896825396825
1940	2	23.8504
1940	3	24.6937007874016
1940	4	25.6118110236220
1940	5	25.5322834645669
1940	6	24.9598425196850
1940	7	24.1912698412698
1940	8	24.5784
1940	9	25.4976377952756
1940	10	25.4921259842520
1940	11	24.8543307086614
1940	12	24.0220472440945
1941	1	23.8139393939394
1941	2	24.5666666666667
1941	3	25.5852071005917
1941	4	26.4892215568862
1941	5	26.0626506024096
1941	6	25.0688622754491
1941	7	24.4102409638554
1941	8	24.6730538922156
1941	9	25.2634730538922
1941	10	25.8910179640719
1941	11	24.9862275449102
1941	12	23.9579268292683
1942	1	23.6182389937107
1942	2	24.4625
1942	3	25.3931677018634
1942	4	25.89875
1942	5	25.6968553459119
1942	6	25.03
1942	7	23.7322784810127
1942	8	24.1415094339623
1942	9	25.1101265822785
1942	10	25.1820987654321
1942	11	24.7036585365854
1942	12	23.5371951219512
1943	1	23.3156976744186
1943	2	23.6452941176471
1943	3	24.8982352941176
1943	4	25.3764705882353
1943	5	25.4815476190476
1943	6	24.3473684210526
1943	7	23.9398809523810
1943	8	23.9923976608187
1943	9	24.8133720930233
1943	10	25.2748538011696
1943	11	24.5834319526627
1943	12	23.5408284023669
1944	1	23.2406976744186
1944	2	23.9362573099415
1944	3	24.7755813953488
1944	4	25.5497041420118
1944	5	25.4427710843373
1944	6	24.8682634730539
1944	7	24.0365269461078
1944	8	24.3331360946746
1944	9	24.9795180722892
1944	10	25.3353293413174
1944	11	24.6562130177515
1944	12	23.6550295857988
1945	1	23.5556886227545
1945	2	23.989156626506
1945	3	25.2005882352941
1945	4	25.9
1945	5	25.3952095808383
1945	6	24.5892857142857
1945	7	23.8851190476190
1945	8	24.1981481481481
1945	9	24.9478787878788
1945	10	25.2777108433735
1945	11	24.5640718562874
1945	12	23.5162650602410
1946	1	23.2960227272727
1946	2	24.0875706214689
1946	3	25.2276836158192
1946	4	25.7561797752809
1946	5	25.7623595505618
1946	6	24.6920903954802
1946	7	24.0196629213483
1946	8	24.0631284916201
1946	9	24.961797752809
1946	10	25.3943820224719
1946	11	24.7670454545455
1946	12	23.826404494382
1947	1	23.5714285714286
1947	2	24.3629629629630
1947	3	25.3239361702128
1947	4	26.1287234042553
1947	5	25.9862433862434
1947	6	25.3419354838710
1947	7	24.3903743315508
1947	8	24.6611702127660
1947	9	25.1150537634409
1947	10	25.4322580645161
1947	11	24.7543010752688
1947	12	23.7684491978610
1948	1	23.2076086956522
1948	2	24.244623655914
1948	3	25.3102150537634
1948	4	25.9670270270270
1948	5	26.1404255319149
1948	6	24.9924731182796
1948	7	24.3743315508021
1948	8	24.4681081081081
1948	9	25.0387096774194
1948	10	25.3425531914894
1948	11	24.3883597883598
1948	12	23.5144385026738
1949	1	23.2822916666667
1949	2	23.6794871794872
1949	3	25.2466666666667
1949	4	25.7121827411168
1949	5	25.6611111111111
1949	6	24.8761658031088
1949	7	24.1635897435897
1949	8	24.2522842639594
1949	9	24.9737113402062
1949	10	25.3466666666667
1949	11	24.3647959183673
1949	12	23.2947916666667
1950	1	23.1142201834862
1950	2	23.8450892857143
1950	3	25.2621621621622
1950	4	26.13125
1950	5	26.1716814159292
1950	6	25.4610091743119
1950	7	24.2946902654867
1950	8	24.4078947368421
1950	9	25.209865470852
1950	10	25.2385650224215
1950	11	24.4253333333333
1950	12	23.1820627802691
1951	1	23.7333333333333
1951	2	24.3827160493827
1951	3	25.7905707196030
1951	4	26.2636138613861
1951	5	26.3012315270936
1951	6	25.4290953545232
1951	7	24.7130434782609
1951	8	24.8487922705314
1951	9	25.4359036144578
1951	10	25.8531400966184
1951	11	25.0545454545455
1951	12	23.9257211538462
1952	1	24.2664285714286
1952	2	24.9284009546539
1952	3	26.0263657957245
1952	4	26.4812351543943
1952	5	26.4149289099526
1952	6	25.3740566037736
1952	7	24.6561032863850
1952	8	24.6216470588235
1952	9	25.1410377358491
1952	10	25.5877934272300
1952	11	24.9769230769231
1952	12	24.1427230046948
1953	1	24.3380184331797
1953	2	25.0567505720824
1953	3	26.0384439359268
1953	4	26.5536529680365
1953	5	26.4178082191781
1953	6	25.2815315315315
1953	7	24.4255707762557
1953	8	24.7314479638009
1953	9	25.3432801822323
1953	10	25.7102272727273
1953	11	25.1445701357466
1953	12	23.9673423423423
1954	1	24.0530837004405
1954	2	24.8942604856512
1954	3	25.8595132743363
1954	4	26.3204444444444
1954	5	26.1461368653422
1954	6	25.0191629955947
1954	7	24.1687361419069
1954	8	24.3400442477876
1954	9	25.1244541484716
1954	10	25.3591611479029
1954	11	24.9757641921397
1954	12	23.9664488017429
1955	1	23.9516059957173
1955	2	24.8357601713062
1955	3	25.6935622317597
1955	4	26.0884368308351
1955	5	26.0565310492505
1955	6	25.1055555555556
1955	7	24.2309168443497
1955	8	24.4368085106383
1955	9	25.0208602150538
1955	10	25.3968017057569
1955	11	24.8824034334764
1955	12	23.7174946004320
1956	1	23.4504201680672
1956	2	24.8741596638655
1956	3	25.7930962343096
1956	4	26.1216842105263
1956	5	25.9477083333333
1956	6	24.8929018789144
1956	7	24.0785862785863
1956	8	24.3050209205021
1956	9	24.962893081761
1956	10	25.2740124740125
1956	11	24.8333333333333
1956	12	23.8759916492693
1957	1	23.6230769230769
1957	2	24.3636743215031
1957	3	25.5216216216216
1957	4	26.1931392931393
1957	5	26.2129707112971
1957	6	25.3858037578288
1957	7	24.6477987421384
1957	8	24.839375
1957	9	25.3878406708595
1957	10	25.6985324947589
1957	11	25.3893970893971
1957	12	24.5311850311850
1958	1	24.5414937759336
1958	2	24.8652083333333
1958	3	26.36625
1958	4	26.984375
1958	5	26.4746861924686
1958	6	25.4359081419624
1958	7	24.481875
1958	8	24.5459459459459
1958	9	25.4563409563410
1958	10	25.6741666666667
1958	11	25.2761410788382
1958	12	24.4026859504132
1959	1	24.1495762711864
1959	2	24.8775423728814
1959	3	25.9033684210526
1959	4	26.5276371308017
1959	5	26.1743644067797
1959	6	25.3062365591398
1959	7	24.5788135593220
1959	8	24.3446540880503
1959	9	25.0381856540084
1959	10	25.4797040169133
1959	11	25.0219409282700
1959	12	24.2012658227848
1960	1	24.0163179916318
1960	2	24.8376050420168
1960	3	25.5245833333333
1960	4	26.0941176470588
1960	5	25.8064583333333
1960	6	25.1987394957983
1960	7	24.2617834394904
1960	8	24.6704255319149
1960	9	25.1730452674897
1960	10	25.6564049586777
1960	11	24.9267489711934
1960	12	24.4152083333333
1961	1	24.2792656587473
1961	2	24.4675675675676
1961	3	25.8276008492569
1961	4	26.4154506437768
1961	5	26.4421810699588
1961	6	25.0482978723404
1961	7	24.3108888888889
1961	8	24.5237136465324
1961	9	25.1584615384615
1961	10	25.5240780911063
1961	11	24.7973684210526
1961	12	23.9849223946785
1962	1	23.8831223628692
1962	2	24.879375
1962	3	25.7650862068966
1962	4	26.1458149779736
1962	5	26.0396963123644
1962	6	25.0322295805740
1962	7	24.4557268722467
1962	8	24.5204166666667
1962	9	25.1840425531915
1962	10	25.5580645161290
1962	11	25.382863340564
1962	12	24.3428571428571
1963	1	24.1397959183673
1963	2	25.0526530612245
1963	3	25.6251012145749
1963	4	26.0808163265306
1963	5	25.8382591093117
1963	6	25.2151515151515
1963	7	24.5754065040650
1963	8	24.7504098360656
1963	9	25.4625254582485
1963	10	25.5025104602510
1963	11	25.0930962343096
1963	12	24.2642857142857
1964	1	24.3625
1964	2	25.1020242914980
1964	3	26.1334669338677
1964	4	26.4016064257028
1964	5	25.9394
1964	6	24.7686
1964	7	24.0131313131313
1964	8	24.2393145161290
1964	9	24.8185483870968
1964	10	25.0640243902439
1964	11	24.5228571428571
1964	12	23.8394190871369
1965	1	23.7900621118012
1965	2	24.7937246963563
1965	3	25.5946169772257
1965	4	26.0047131147541
1965	5	26.0849372384937
1965	6	25.0956431535270
1965	7	24.393762993763
1965	8	24.4391752577320
1965	9	25.0542682926829
1965	10	25.4371951219512
1965	11	24.9743902439024
1965	12	24.0704081632653
1966	1	24.4223360655738
1966	2	25.0353909465021
1966	3	25.8523711340206
1966	4	26.394045174538
1966	5	26.2387163561077
1966	6	25.2557114228457
1966	7	24.7124497991968
1966	8	24.5870259481038
1966	9	25.0037924151697
1966	10	25.4110441767068
1966	11	25.0520958083832
1966	12	24.3506072874494
1967	1	23.9132149901381
1967	2	24.7092519685039
1967	3	25.3918811881188
1967	4	26.1339321357285
1967	5	26.0926732673267
1967	6	24.8934
1967	7	24.1814229249012
1967	8	24.2898608349901
1967	9	24.850790513834
1967	10	25.2648221343874
1967	11	24.7138276553106
1967	12	23.9674897119342
1968	1	23.7244979919679
1968	2	24.4977822580645
1968	3	25.441351888668
1968	4	25.7865612648221
1968	5	25.7784
1968	6	24.8404669260700
1968	7	24.4325349301397
1968	8	24.6809523809524
1968	9	25.2441717791411
1968	10	25.5962226640159
1968	11	25.0149606299213
1968	12	24.5054545454545
1969	1	24.3849206349206
1969	2	25.4147572815534
1969	3	26.7081188118812
1969	4	26.9066532258065
1969	5	26.5918762088975
1969	6	25.6175542406312
1969	7	24.6127906976744
1969	8	24.6810546875
1969	9	25.3029069767442
1969	10	25.6256756756757
1969	11	25.2595703125
1969	12	24.468978805395
1970	1	24.4563953488372
1970	2	25.24296875
1970	3	25.9212643678161
1970	4	26.6281070745698
1970	5	26.2694390715667
1970	6	25.484452975048
1970	7	24.4048638132296
1970	8	24.4791497975709
1970	9	25.0304950495049
1970	10	25.5887351778656
1970	11	24.7618955512573
1970	12	24.0430232558140
1971	1	23.579209979210
1971	2	24.533547008547
1971	3	25.6242677824268
1971	4	25.9353448275862
1971	5	25.6875518672199
1971	6	24.7725366876310
1971	7	24.0799154334038
1971	8	24.0417204301075
1971	9	24.7845995893224
1971	10	24.9925311203320
1971	11	24.4257446808511
1971	12	23.7974358974359
1972	1	23.7789795918367
1972	2	24.6119246861925
1972	3	25.7040169133192
1972	4	26.0474248927039
1972	5	26.1217105263158
1972	6	25.1691144708423
1972	7	24.6593886462882
1972	8	24.6654185022026
1972	9	25.4935698447894
1972	10	25.8150110375276
1972	11	25.183295194508
1972	12	24.6446511627907
1973	1	24.5553418803419
1973	2	25.5963906581741
1973	3	26.35
1973	4	26.8549234135667
1973	5	26.2855319148936
1973	6	25.2527472527473
1973	7	24.573719376392
1973	8	24.3755939524838
1973	9	25.1138766519824
1973	10	25.5864864864865
1973	11	24.6366071428571
1973	12	23.5597315436242
1974	1	23.3989517819706
1974	2	24.2753086419753
1974	3	25.5113043478261
1974	4	25.8672268907563
1974	5	25.8074468085106
1974	6	25.0553684210526
1974	7	24.1765864332604
1974	8	24.3344827586207
1974	9	24.7688034188034
1974	10	25.0873684210526
1974	11	24.6196544276458
1974	12	23.7327146171694
1975	1	23.6849673202614
1975	2	24.7100217864924
1975	3	25.9755294117647
1975	4	26.3874720357942
1975	5	25.9654545454545
1975	6	24.8351293103448
1975	7	23.9106430155211
1975	8	24.2709523809524
1975	9	24.9655256723716
1975	10	25.2677647058824
1975	11	24.6985714285714
1975	12	23.7935162094763
1976	1	23.4759725400458
1976	2	24.4180803571429
1976	3	25.3976987447699
1976	4	25.9638157894737
1976	5	25.4832244008715
1976	6	24.8350537634409
1976	7	24.1577680525164
1976	8	24.3391304347826
1976	9	25.1322033898305
1976	10	25.5273381294964
1976	11	24.9116972477064
1976	12	24.402427184466
1977	1	24.2965141612200
1977	2	24.8168514412417
1977	3	25.8584051724138
1977	4	26.1937915742794
1977	5	25.8149350649351
1977	6	25.0295964125561
1977	7	24.4041002277904
1977	8	24.362
1977	9	25.2202325581395
1977	10	25.7171428571429
1977	11	25.0913253012048
1977	12	24.4081481481481
1978	1	24.276062639821
1978	2	25.2396860986547
1978	3	25.8497757847534
1978	4	26.0167452830189
1978	5	25.9233031674208
1978	6	24.7027649769585
1978	7	24.0898104265403
1978	8	24.2066666666667
1978	9	24.8790973871734
1978	10	25.3678983833718
1978	11	24.9687350835322
1978	12	24.3196172248804
1979	1	24.5180522565321
1979	2	24.9248138957816
1979	3	25.8106132075472
1979	4	26.3121428571429
1979	5	25.8978365384615
1979	6	24.8383458646617
1979	7	24.2924870466321
1979	8	24.5743648960739
1979	9	25.2600490196078
1979	10	25.7062034739454
1979	11	25.1880893300248
1979	12	24.3747448979592
1980	1	24.5540540540541
1980	2	25.0765151515152
1980	3	25.9707692307692
1980	4	26.6852040816327
1980	5	26.209793814433
1980	6	25.0912935323383
1980	7	24.4756476683938
1980	8	24.5184986595174
1980	9	25.1023809523810
1980	10	25.5690721649485
1980	11	25.0579234972678
1980	12	24.138202247191
1981	1	23.9600456621005
1981	2	24.9744874715262
1981	3	26.0649202733485
1981	4	26.4090069284065
1981	5	26.1421951219512
1981	6	25.0578313253012
1981	7	24.268345323741
1981	8	24.8097852028640
1981	9	25.1130841121495
1981	10	25.6322891566265
1981	11	24.9799031476998
1981	12	24.5568627450980
1982	1	24.3458128078818
1982	2	24.8665060240964
1982	3	25.9312039312039
1982	4	26.4507389162562
1982	5	26.2265356265356
1982	6	25.4110837438424
1982	7	24.7443069306931
1982	8	24.5847255369928
1982	9	25.3740566037736
1982	10	25.6468531468531
1982	11	25.171679197995
1982	12	24.2878787878788
1983	1	24.0976804123711
1983	2	25.5670644391408
1983	3	26.3976635514019
1983	4	27.0258741258741
1983	5	27.0503631961259
1983	6	25.6768691588785
1983	7	25.2314903846154
1983	8	25.2682382133995
1983	9	25.5978571428571
1983	10	25.7431870669746
1983	11	25.3325301204819
1983	12	24.3362530413625
1984	1	23.9340229885057
1984	2	24.8411085450346
1984	3	26.0175771971496
1984	4	26.5654676258993
1984	5	26.2490521327014
1984	6	25.1715990453461
1984	7	24.6166666666667
1984	8	25.0038647342995
1984	9	25.2308823529412
1984	10	25.9890818858561
1984	11	24.9393285371703
1984	12	24.124570024570
1985	1	24.5234192037471
1985	2	24.9414918414918
1985	3	26.1556581986143
1985	4	26.1006849315068
1985	5	26.1311881188119
1985	6	25.2172839506173
1985	7	24.3034063260341
1985	8	24.7371702637890
1985	9	25.1004784688995
1985	10	25.6289473684211
1985	11	25.1908018867925
1985	12	24.1940446650124
1986	1	23.9749414519906
1986	2	25.1533957845433
1986	3	25.7990384615385
1986	4	26.7856807511737
1986	5	26.3336538461538
1986	6	25.4824257425743
1986	7	24.6286057692308
1986	8	24.8791563275434
1986	9	25.3166666666667
1986	10	25.5732394366197
1986	11	25.1695238095238
1986	12	24.1388372093023
1987	1	24.5157407407407
1987	2	25.4556844547564
1987	3	26.2891252955083
1987	4	26.8364269141531
1987	5	26.7498823529412
1987	6	25.7869158878505
1987	7	25.4762013729977
1987	8	25.5277511961723
1987	9	25.9075688073394
1987	10	26.1798578199052
1987	11	25.862441314554
1987	12	24.847465437788
1988	1	24.5524590163934
1988	2	25.4690072639225
1988	3	26.4666666666667
1988	4	26.8275700934579
1988	5	26.6350835322196
1988	6	25.7287841191067
1988	7	24.8924623115578
1988	8	24.8175480769231
1988	9	25.68175
1988	10	25.8530864197531
1988	11	25.0779126213592
1988	12	24.0944303797468
1989	1	23.6685714285714
1989	2	24.4378250591017
1989	3	25.547572815534
1989	4	26.2578571428571
1989	5	26.1916267942584
1989	6	25.5154430379747
1989	7	24.5780722891566
1989	8	24.8817232375979
1989	9	25.4532687651332
1989	10	25.7153658536585
1989	11	25.3332506203474
1989	12	24.4
1990	1	24.4883544303797
1990	2	25.0987277353690
1990	3	26.1601522842640
1990	4	26.9191919191919
1990	5	26.5836272040302
1990	6	26.0506459948320
1990	7	24.8286842105263
1990	8	25.3293963254593
1990	9	25.8109333333333
1990	10	26.3506775067751
1990	11	26.0116343490305
1990	12	25.0239669421488
1991	1	24.7606598984772
1991	2	25.5620320855615
1991	3	26.4369620253165
1991	4	26.8042666666667
1991	5	26.5467787114846
1991	6	26.1557065217391
1991	7	24.5301204819277
1991	8	25.0483870967742
1991	9	25.8008086253369
1991	10	25.7186813186813
1991	11	25.1941358024691
1991	12	24.6454545454545
1992	1	24.3790055248619
1992	2	25.165191740413
1992	3	26.5642011834320
1992	4	26.9894736842105
1992	5	26.9615176151762
1992	6	26.0882681564246
1992	7	24.8129834254144
1992	8	25.0292817679558
1992	9	25.6114666666667
1992	10	26.0603773584906
1992	11	25.19
1992	12	24.5233243967828
1993	1	24.2728232189974
1993	2	25.1596100278552
1993	3	26.4912921348315
1993	4	27.2440104166667
1993	5	27.2103641456583
1993	6	26.2829608938547
1993	7	25.4360215053763
1993	8	25.1210796915167
1993	9	25.5987113402062
1993	10	26.2080310880829
1993	11	25.9188953488372
1993	12	24.6431578947368
1994	1	24.5172151898734
1994	2	25.4085427135678
1994	3	26.1860962566845
1994	4	27.0328
1994	5	26.7157181571816
1994	6	25.5848
1994	7	24.8341645885287
1994	8	24.7812834224599
1994	9	25.3916883116883
1994	10	25.8895408163265
1994	11	25.4733850129199
1994	12	24.5193717277487
1995	1	24.3517241379310
1995	2	25.1749311294766
1995	3	26.2250620347395
1995	4	26.8633074935401
1995	5	26.6803149606299
1995	6	26.2989130434783
1995	7	25.2718918918919
1995	8	25.0927318295739
1995	9	25.7071065989848
1995	10	26.11171875
1995	11	25.6005305039788
1995	12	24.6986666666667
1996	1	24.8027363184080
1996	2	25.4196930946292
1996	3	26.5826530612245
1996	4	26.4398921832884
1996	5	26.5007425742574
1996	6	25.7020671834625
1996	7	25.1447439353100
1996	8	24.9553299492386
1996	9	25.5632545931759
1996	10	25.8969945355191
1996	11	25.4106145251397
1996	12	24.6282776349614
1997	1	24.799173553719
1997	2	24.9126288659794
1997	3	26.1484126984127
1997	4	26.5667553191489
1997	5	26.92
1997	6	26.2057636887608
1997	7	25.4908831908832
1997	8	25.3556451612903
1997	9	26.2256130790191
1997	10	26.4951612903226
1997	11	26.1986666666667
1997	12	25.3672222222222
1998	1	25.2262162162162
1998	2	26.3815384615385
1998	3	27.0837270341207
1998	4	27.8504
1998	5	27.5163888888889
1998	6	26.4436507936508
1998	7	25.4897243107769
1998	8	25.7382051282051
1998	9	25.9833333333333
1998	10	26.4681462140992
1998	11	25.8915789473684
1998	12	24.8287262872629
1999	1	24.6272972972973
1999	2	25.3327272727273
1999	3	26.4144670050761
1999	4	26.7738666666667
1999	5	26.3501272264631
1999	6	25.9671916010499
1999	7	24.8976253298153
1999	8	24.945382585752
1999	9	25.4828877005348
1999	10	25.7418181818182
1999	11	25.4362880886427
1999	12	24.4260053619303
2000	1	24.6407008086253
2000	2	24.8105405405405
2000	3	26.1207084468665
2000	4	26.9246612466125
2000	5	26.656
2000	6	25.5802110817942
2000	7	25.0853107344633
2000	8	25.2178010471204
2000	9	25.8340540540541
2000	10	25.8400537634409
2000	11	25.4800578034682
2000	12	24.4891737891738
2001	1	24.3913738019169
2001	2	25.0357594936709
2001	3	26.3761609907121
2001	4	27.1572727272727
2001	5	26.2567567567568
2001	6	25.7386581469649
2001	7	25.2506711409396
2001	8	25.4320634920635
2001	9	26.088198757764
2001	10	26.3952978056426
2001	11	26.0142857142857
2001	12	25.1474820143885
2002	1	24.6212624584718
2002	2	25.3553691275168
2002	3	26.674358974359
2002	4	27.1478964401295
2002	5	27.1897350993377
2002	6	25.7400630914827
2002	7	25.6021671826625
2002	8	25.4475
2002	9	25.9217008797654
2002	10	26.3461059190031
2002	11	25.7464071856287
2002	12	24.9739938080495
2003	1	24.7214705882353
2003	2	25.7078369905956
2003	3	26.3166123778502
2003	4	26.9551282051282
2003	5	26.9581699346405
2003	6	26.0710447761194
2003	7	24.912012987013
2003	8	25.2552980132450
2003	9	25.9513931888545
2003	10	26.3882857142857
2003	11	25.9080357142857
2003	12	24.7253776435045
2004	1	24.6862359550562
2004	2	25.3695522388060
2004	3	26.4537037037037
2004	4	27.3620915032680
2004	5	26.7056105610561
2004	6	25.7081632653061
2004	7	25.1660317460317
2004	8	25.7255813953488
2004	9	25.7443729903537
2004	10	26.5160142348754
2004	11	25.8868512110727
2004	12	25.0087087087087
2005	1	24.4997050147493
2005	2	26.0721003134796
2005	3	26.584076433121
2005	4	27.4229559748428
2005	5	27.0733333333333
2005	6	25.9466876971609
2005	7	25.4843537414966
2005	8	25.7332288401254
2005	9	25.9193353474320
2005	10	25.9756666666667
2005	11	25.6857142857143
2005	12	24.8077160493827
2006	1	24.8206766917293
2006	2	25.7170278637771
2006	3	26.5314102564103
2006	4	26.8442675159236
2006	5	26.3473015873016
2006	6	26.2179401993355
2006	7	25.4309375
2006	8	25.1066202090592
2006	9	26.0984227129338
2006	10	26.3685245901639
2006	11	25.6546827794562
2006	12	24.6832214765101
2007	1	24.6581325301205
2007	2	25.674358974359
2007	3	26.2047457627119
2007	4	27.1595469255663
2007	5	26.4956521739130
2007	6	26.1227544910180
2007	7	25.2569696969697
2007	8	25.0148606811146
2007	9	25.8915697674419
2007	10	26.1857142857143
2007	11	25.5491749174918
2007	12	24.7552469135802
2008	1	24.1830721003135
2008	2	24.7668789808917
2008	3	26.1715189873418
2008	4	26.6255255255255
2008	5	26.3693452380952
2008	6	25.7147147147147
2008	7	25.4356913183280
2008	8	25.4894894894895
2008	9	25.8661764705882
2008	10	26.3984567901235
2008	11	25.6567484662577
2008	12	24.8690184049080
2009	1	24.4281437125749
2009	2	25.7390804597701
2009	3	26.4594249201278
2009	4	27.4114285714286
2009	5	26.9317507418398
2009	6	26.2636094674556
2009	7	25.5634441087613
2009	8	25.6262996941896
2009	9	26.4024844720497
2009	10	26.5222891566265
